ศูนย์พัฒนาเด็กเล็กบ้านหนองหงษ์	เพชรบุรี	แก่งกระจาน	แก่งกระจาน	12.899253	99.705087	47N 576493 1426100
วัดยางชุม	เพชรบุรี	ท่ายาง	กลัดหลวง	12.783548	99.669947	47N 572714 1413293
องค์การบริหารส่วนตำบลไร่โคก	เพชรบุรี	บ้านลาด	ไร่โคก	13.11605692	99.83494837	47N 590504 1450120
สนามฟุตซอล บ้านยางน้ำกลัดเหนือ	เพชรบุรี	หนองหญ้าปล้อง	ยางน้ำกลัดเหนือ	13.188134	99.653227	47N 570784 1458033
ตึกสำนักงานป้องกันภัย (อาคารใหม่) หลังศูนย์ราชการ	ระนอง	เมืองระนอง	บางริ้น	9.898263	98.621796	47N 458537 1094188
สำนักงานป้องกันและบรรเทาสาธารณภัยจังหวัดระนอง	ระนอง	เมืองระนอง	บางริ้น	9.88810827	98.62870686	47N 459294 1093064
โรงเรียนบ้านวังเบน	อุตรดิตถ์	ทองแสนขัน	บ่อทอง	17.444198	100.433825	47N 652270 1929267
ศาลาบ้านท่าช้าง หมู่ 6	อุตรดิตถ์	ท่าปลา	จริม	17.817297	100.332831	47N 641252 1970475
ศาลาประชาคมบ้านผาลาด	อุตรดิตถ์	ท่าปลา	น้ำหมัน	17.841073	100.303957	47N 638173 1973084
ศาลาอเนกประสงค์บ้านปางไฮ	อุตรดิตถ์	บ้านโคก	บ่อเบี้ย	18.185093	101.06396	47N 718305 2011891
องค์การบริหารส่วนตำบลบ้านเสี้ยว	อุตรดิตถ์	ฟากท่า	บ้านเสี้ยว	17.897966	100.820971	47N 692910 1979839
วัดนาไพร	อุตรดิตถ์	ฟากท่า	ฟากท่า	18.046497	100.90804	47N 701967 1996372
สำนักงานเทศบาลตำบลคลองทรายขาว	พัทลุง	กงหรา	คลองทรายขาว	7.4387927	99.9285769	47N 602468 822364
ศูนย์พัฒนาเด็กเล็กบ้านโหล๊ะบ้า ม.4	พัทลุง	ตะโหมด	คลองใหญ่	7.2336389	100.0730556	47N 618467 799717
องค์การบริหารส่วนตำบลทุ่งนารี	พัทลุง	ป่าบอน	ทุ่งนารี	7.230986	100.178543	47N 630115 799452
สำนักงานเทศบาลตำบลบ้านนา	พัทลุง	ศรีนครินทร์	บ้านนา	7.5672982	99.9002631	47N 599314 836565
องค์การบริหารส่วนตำบลตะแพน	พัทลุง	ศรีบรรพต	ตะแพน	7.651908	99.871776	47N 596152 845913
วัดเด่นชุมพล	แพร่	เด่นชัย	ปงป่าหวาย	18.002959	100.063505	47N 612589 1990836
ศูนย์การเรียนรู้บ้านปง	แพร่	ลอง	ต้าผามอก	18.142239	99.931688	47N 598555 2006172
ศูนย์พัฒนาเด็กเล็กบ้านนาปลากั้ง	แพร่	วังชิ้น	นาพูน	17.784925	99.766487	47N 581242 1966557
สำนักงานป้องกันฯ อบต. เตาปูน	แพร่	สอง	เตาปูน	18.51421	100.201003	47N 626775 2047499
องค์การบริหารส่วนตำบลเวียงทอง	แพร่	สูงเม่น	เวียงทอง	18.110549	100.122844	47N 618799 2002778
สนามหญ้าที่ว่าการอำเภอกระนวน	ขอนแก่น	กระนวน	หนองโก	16.706064	103.079777	48N 295257 1848025
องค์การบริหารส่วนตำบลบ้านหัน	ขอนแก่น	โนนศิลา	บ้านหัน	15.949189	102.725111	48N 256490 1764644
สำนักงานเทศบาลเมืองบัวเงิน	ขอนแก่น	น้ำพอง	บัวเงิน	16.745934	102.976267	48N 284262 1852547
ที่ว่าการอำเภอน้ำพอง	ขอนแก่น	น้ำพอง	วังชัย	16.702317	102.855947	48N 271378 1847854
โรงเรียนบ้านคำบง	ขอนแก่น	น้ำพอง	สะอาด	16.791407	102.815103	48N 267129 1857763
องค์การบริหารส่วนตำบลป่าปอ	ขอนแก่น	บ้านไผ่	ป่าปอ	15.937988	102.815573	48N 266164 1763300
ศาลากลางจังหวัดขอนแก่น	ขอนแก่น	เมืองขอนแก่น	ในเมือง	16.441363	102.836107	48N 268950 1818993
โรงเรียนบ้านแก่งประลอม	กาญจนบุรี	ไทรโยค	ไทรโยค	14.375781	98.881653	47N 487241 1589290
องค์การบริหารส่วนตำบลหนองกุ่ม	กาญจนบุรี	บ่อพลอย	หนองกุ่ม	14.24853	99.505626	47N 554544 1575272
สำนักงานเทศบาลตำบลหนองปลาไหล	กาญจนบุรี	หนองปรือ	หนองปลาไหล	14.612218	99.535441	47N 557667 1615504
องค์การบริหารส่วนตำบลบ้านแก้ง	ชัยภูมิ	แก้งคร้อ	บ้านแก้ง	16.184275	102.326666	48N 214151 1791179
องค์การบริหารส่วนตำบลบ้านขาม	ชัยภูมิ	จัตุรัส	บ้านขาม	15.495498	101.782523	47N 798543 1715069
องค์การบริหารส่วนตำบลท่ากูบ	ชัยภูมิ	ซับใหญ่	ท่ากูบ	15.635073	101.709085	47N 790463 1730422
สำนักงานป้องกันฯ หนองบัวระเหว	ชัยภูมิ	หนองบัวระเหว	หนองบัวระเหว	15.753031	101.775921	47N 797462 1743575
องค์การบริหารส่วนตำบลสะกำ	ปัตตานี	มายอ	สะกำ	6.745542779	101.4442891	47N 770198 746297
องค์การบริหารส่วนตำบลคอลอตันหยง	ปัตตานี	หนองจิก	คอลอตันหยง	6.729199963	101.2299778	47N 746504 744375
องค์การบริหารส่วนตำบลลิปะสะโง	ปัตตานี	หนองจิก	ลิปะสะโง	6.795473806	101.2406723	47N 747653 751713
สำนักงานเทศบาลตำบลหนองจิก	ปัตตานี	หนองจิก	หนองจิก	6.839379414	101.17428698766638.	47N 740290 756536
องค์การบริหารส่วนตำบลช่องแคบ	ตาก	พบพระ	ช่องแคบ	16.501882	98.695046	47N 467455 1824477
องค์การบริหารส่วนตำบลวังหมัน	ตาก	สามเงา	วังหมัน	17.203594	99.12517	47N 513309 1902082
โรงเรียนบ้านหัวปอน	แม่ฮ่องสอน	ขุนยวม	แม่ยวมน้อย	18.786308	98.053164	47N 400215 2077449
องค์การบริหารส่วนตำบลถ้ำลอด	แม่ฮ่องสอน	ปางมะผ้า	ถ้ำลอด	19.532839	98.269957	47N 423409 2159950
องค์การบริหารส่วนตำบลทุ่งยาว	แม่ฮ่องสอน	ปาย	ทุ่งยาว	19.312332	98.442983	47N 441484 2135481
โรงเรียนชุมชนบ้านปางหมู	แม่ฮ่องสอน	เมืองแม่ฮ่องสอน	ปางหมู	19.35374	97.960556	47N 390827 2140297
วิทยาลัยการอาชีพแม่สะเรียง	แม่ฮ่องสอน	แม่สะเรียง	แม่สะเรียง	18.103718	97.937117	47N 387541 2001985
อบต. บาเระเหนือ	นราธิวาส	บาเจาะ	บาเระเหนือ	6.570413	101.637861	47N 791714 727029
อบต. บางปอ	นราธิวาส	เมืองนราธิวาส	บางปอ	6.3239941	101.790764	47N 808785 699849
เทศบาลตำบลมะรือโบตก	นราธิวาส	ระแงะ	มะรือโบตก	6.341712154	101.6563393	47N 793891 701731
อบต.กาหลง	นราธิวาส	ศรีสาคร	กาหลง	6.21659856	101.437178	47N 769693 687769
อบต.สุไหงปาดี	นราธิวาส	สุไหงปาดี	สุไหงปาดี	6.14585	101.8993365	47N 820916 680197
องค์การบริหารส่วนตำบลปุโรง	ยะลา	กรงปินัง	ปุโรง	6.431152938	101.242355	47N 748020 711409
องค์การบริหารส่วนตำบลบาละ	ยะลา	กาบัง	บาละ	6.375154604	101.0413133	47N 725799 705122
มัสยิดดารุนนาอีม ม.3 บ้านมาลากลาง	ยะลา	เบตง	ตาเนาะแมเราะ	5.813276248	101.1437333	47N 737380 643014
มัสยิดอุซซีซาอาลาตักวา (เจาะลีมัส)	ยะลา	รามัน	อาซ่อง	6.526787782	101.4316461	47N 768918 722086
องค์การบริหารส่วนตำบลขุนน่าน	น่าน	เฉลิมพระเกียรติ	ขุนน่าน	19.484641	101.154311	47N 726118 2155872
สำนักงานป้องกันและบรรเทาสาธารณภัยจังหวัดชัยนาท	ชัยนาท	เมืองชัยนาท	เขาท่าพระ	15.216467	100.153638	47N 623906 1682596
สำนักงานเทศบาลตำบลชัยนาท	ชัยนาท	เมืองชัยนาท	ชัยนาท	15.145215	100.14112	47N 622603 1674707
องค์การบริหารส่วนตำบลมะขามเฒ่า	ชัยนาท	วัดสิงห์	มะขามเฒ่า	15.23924607	100.0475454	47N 612498 1685058
โรงเรียนบ้านน้ำร้อน	สตูล	ควนกาหลง	ทุ่งนุ้ย	6.848766628	100.1278084	47N 624615 757177
ศูนย์จัดแสดงสินค้า OTOP	สตูล	ควนโดน	ควนโดน	6.81118222	100.0942268	47N 620914 753013
องค์การบริหารส่วนตำบลควนโดน	สตูล	ควนโดน	ควนโดน	6.800083469	100.0668359	47N 617889 751779
ที่ทำการวิสาหกิจชุมชน หมู่ 6	สตูล	มะนัง	นิคมพัฒนา	6.95440318	99.88439448	47N 597696 768800
โรงเรียนบ้านวังสายทอง	สตูล	ละงู	น้ำผุด	7.065341778	99.89864694	47N 599247 781068
โรงเรียนแม่ฮ่างวิทยา	ลำปาง	งาว	นาแก	18.8448852	99.8620721	47N 590819 2083885
องค์การบริหารส่วนตำบลทุ่งผึ้ง	ลำปาง	แจ้ห่ม	ทุ่งผึ้ง	18.9258884	99.6613893	47N 569643 2092758
โรงพยาบาลส่งเสริมสุขภาพตำบลบ้านแพะดอกเข็ม	ลำปาง	เถิน	แม่พริก	17.5341451	98.9876535	47N 498690 1938646
โรงพยาบาลส่งเสริมสุขภาพตำบลบ้านห้วยเรียน	ลำปาง	ห้างฉัตร	เวียงตาล	18.368501	99.2981038	47N 531492 2030982
ศูนย์อนุรักษ์ช้างไทย	ลำปาง	ห้างฉัตร	เวียงตาล	18.36006	99.2472345	47N 526119 2030040
โรงเรียนบ้านเหมืองแร่	เชียงใหม่	ฝาง	แม่คะ	19.805441	99.251395	47N 526329 2189971
โรงเรียนบ้านแม่หอย	เชียงใหม่	แม่แจ่ม	แม่นาจร	18.767745	98.328496	47N 429226 2075263
ศูนย์อนุรักษ์และพัฒนาทรัพยากรท้องถิ่น ตำบลกื้ดช้าง	เชียงใหม่	แม่แตง	กื้ดช้าง	19.201809	98.881923	47N 487587 2123162
โรงเรียนชุมชนบ้านแม่สาบ	เชียงใหม่	สะเมิง	สะเมิงใต้	18.852512	98.698597	47N 468249 2084535
สำนักงานเทศบาลเมืองแม่โจ้	เชียงใหม่	สันทราย	หนองหาร	18.903477	99.00433	47N 500456 2090147
องค์การบริหารส่วนตำบลตาดควัน	เชียงราย	พญาเม็งราย	ตาดควัน	19.9625625	0.2359375	31N 210710 2209722
โรงเรียนบ้านจะคือ	เชียงราย	เมืองเชียงราย	ห้วยชมภู	20.032544	99.534864	47N 555939 2215172
อาคารศูนย์พัฒนาเด็กเล็ก หมู่ 22	เชียงราย	แม่ฟ้าหลวง	แม่สลองใน	20.20877	99.759684	47N 579363 2234766
โรงเรียนบ้านปางอ้อย	เชียงราย	แม่สรวย	แม่พริก	19.6117117	99.5640641	47N 559148 2168612
องค์การบริหารส่วนตำบลทุ่งก่อ	เชียงราย	เวียงเชียงรุ้ง	ทุ่งก่อ	19.9951671	100.0370229	47N 608486 2211282
หอประชุมประชาคม หมู่ 8	จันทบุรี	แก่งหางแมว	ขุนซ่อง	13.099224	101.891438	47N 813547 1449903
สำนักงานเทศบาลตำบลบ่อเวฬุ	จันทบุรี	ขลุง	บ่อเวฬุ	12.670423	102.324663	48N 209409 1402178
หอประชุม ม.6	จันทบุรี	มะขาม	ปัถวี	12.761843	102.283763	48N 205069 1412344
หอประชุม ม.8	จันทบุรี	มะขาม	ปัถวี	12.816995	102.261851	48N 202753 1418475
สำนักสงฆ์คลองนารายณ์	จันทบุรี	เมือง	คลองนารายณ์	12.585675	102.170532	48N 192554 1392973