สถานที่	หลักการเหตุผลเชิงพื้นที่ (เชื่อมโยงหมู่บ้าน)
ศูนย์พัฒนาเด็กเล็กบ้านหนองหงษ์	"จุดนี้เป็นแนวเฝ้าระวังของ ต.แก่งกระจาน อ.แก่งกระจาน เนื่องจากพื้นที่เชิงเขาและต้นน้ำของลุ่มน้ำเพชรบุรี มีลำห้วยจากแนวเทือกเขาตะนาวศรีไหลลงสู่ระบบแม่น้ำเพชรบุรี เมื่อมีฝนตกต่อเนื่องอาจเกิดฝนตกหนัก น้ำท่วมขัง และน้ำหลาก. ประกอบกับข้อมูลรายชื่อหมู่บ้านประกาศภัยระดับตำบลพบหมู่บ้านที่อยู่ในกลุ่มความเสี่ยงสูงหรือความเสี่ยงสูงมาก ได้แก่ พุบอน

จากลักษณะทางกายภาพและข้อมูลพื้นที่ที่มีการประกาศภัยดังกล่าว จึงมีความเหมาะสมในการติดตั้งสถานีวัดฝน เพื่อเฝ้าระวังปริมาณฝนเฉพาะพื้นที่ ติดตามฝนสะสม สนับสนุนการประเมินสถานการณ์ และการแจ้งเตือนภัยสำหรับชุมชนและพื้นที่ใกล้เคียง"
วัดยางชุม	"บริเวณ วัดยางชุม อยู่ในพื้นที่รอยต่อเชิงเขากับพื้นที่ราบของ ต.กลัดหลวง อ.ท่ายาง โดยพื้นที่ราบเชิงเขาด้านท้ายน้ำของลุ่มน้ำเพชรบุรี รับน้ำจากพื้นที่สูงก่อนเข้าสู่ที่ราบเกษตร ลักษณะพื้นที่ทำให้ปริมาณฝนสัมพันธ์โดยตรงกับการเกิดฝนตกหนัก น้ำท่วมขัง และน้ำหลาก. ประกอบกับข้อมูลรายชื่อหมู่บ้านประกาศภัยระดับตำบลพบหมู่บ้านที่อยู่ในกลุ่มความเสี่ยงสูงหรือความเสี่ยงสูงมาก ได้แก่ สารเห็ด  กลัดหลวง  วังมะละกอ

จากลักษณะทางกายภาพและข้อมูลพื้นที่ที่มีการประกาศภัยดังกล่าว จึงมีความเหมาะสมในการติดตั้งสถานีวัดฝน เพื่อเฝ้าระวังปริมาณฝนเฉพาะพื้นที่ ติดตามฝนสะสม สนับสนุนการประเมินสถานการณ์ และการแจ้งเตือนภัยสำหรับชุมชนและพื้นที่ใกล้เคียง"
องค์การบริหารส่วนตำบลไร่โคก	"พื้นที่ ต.ไร่โคก อ.บ้านลาด เป็นพื้นที่ราบลุ่ม มีลำน้ำและลำห้วยธรรมชาติ รวมทั้งคลองชลประทานทำหน้าที่รับและระบายน้ำจากพื้นที่โดยรอบ เมื่อเกิดฝนตกหนักต่อเนื่อง น้ำสามารถสะสมในพื้นที่ต่ำและระบายผ่านโครงข่ายคลองเข้าสู่พื้นที่เกษตรและชุมชน ส่งผลให้มีความเสี่ยงต่อน้ำท่วมขังและน้ำหลากเฉพาะพื้นที่. ประกอบกับข้อมูลรายชื่อหมู่บ้านประกาศภัยระดับตำบลพบหมู่บ้านที่อยู่ในกลุ่มความเสี่ยงสูงหรือความเสี่ยงสูงมาก ได้แก่ กรวย  ไร่สนาม  นากระแสร

จากลักษณะทางกายภาพและข้อมูลพื้นที่ที่มีการประกาศภัยดังกล่าว จึงมีความเหมาะสมในการติดตั้งสถานีวัดฝน เพื่อเฝ้าระวังปริมาณฝนเฉพาะพื้นที่ ติดตามฝนสะสม สนับสนุนการประเมินสถานการณ์ และการแจ้งเตือนภัยสำหรับชุมชนและพื้นที่ใกล้เคียง"
สนามฟุตซอล บ้านยางน้ำกลัดเหนือ	"บริเวณ สนามฟุตซอล บ้านยาง น้ำกลัดเหนือ อยู่ในพื้นที่รอยต่อเชิงเขากับพื้นที่ราบของ ต.ยางน้ำกลัดเหนือ อ.หนองหญ้าปล้อง โดยพื้นที่ภูเขาและเชิงเขาด้านตะวันตกของลุ่มน้ำเพชรบุรี รับน้ำจากแนวเทือกเขาตะนาวศรี ลักษณะพื้นที่ทำให้ปริมาณฝนสัมพันธ์โดยตรงกับการเกิดฝนตกหนัก น้ำท่วมขัง และน้ำหลาก

จากลักษณะทางกายภาพและความเสี่ยงของพื้นที่ที่อธิบายข้างต้น จึงมีความเหมาะสมในการติดตั้งสถานีวัดฝน เพื่อเฝ้าระวังปริมาณฝนเฉพาะพื้นที่ ติดตามฝนสะสม สนับสนุนการประเมินสถานการณ์ และการแจ้งเตือนภัยสำหรับชุมชนและพื้นที่ใกล้เคียง ทั้งนี้ควรใช้ข้อมูลภัยพิบัติหรือข้อมูลพื้นที่เพิ่มเติมประกอบการพิจารณาในส่วนของหมู่บ้าน"
ตึกสำนักงานป้องกันภัย (อาคารใหม่) หลังศูนย์ราชการ	"จากลักษณะพื้นที่ของ ต.บางริ้น อ.เมืองระนอง จุดนี้อยู่ในพื้นที่รอยต่อเชิงเขากับพื้นที่ราบ โดยพื้นที่เมืองบริเวณเชิงเขาที่ลาดลงสู่ชายฝั่งอันดามัน มีคลองและทางน้ำย่อยรับน้ำจากพื้นที่สูงด้านตะวันออกก่อนระบายผ่านเขตชุมชน ทำให้มีความไวต่อเหตุการณ์ฝนหนักและฝนตกหนัก น้ำท่วมขัง และน้ำหลาก. ประกอบกับข้อมูลรายชื่อหมู่บ้านประกาศภัยระดับตำบลพบหมู่บ้านที่อยู่ในกลุ่มความเสี่ยงสูงหรือความเสี่ยงสูงมาก ได้แก่ บางกลาง  บางริ้น  ระนองพัฒนา  แพใหม่

จากลักษณะทางกายภาพและข้อมูลพื้นที่ที่มีการประกาศภัยดังกล่าว จึงมีความเหมาะสมในการติดตั้งสถานีวัดฝน เพื่อเฝ้าระวังปริมาณฝนเฉพาะพื้นที่ ติดตามฝนสะสม สนับสนุนการประเมินสถานการณ์ และการแจ้งเตือนภัยสำหรับชุมชนและพื้นที่ใกล้เคียง"
สำนักงานป้องกันและบรรเทาสาธารณภัยจังหวัดระนอง	"จากลักษณะพื้นที่ของ ต.บางริ้น อ.เมืองระนอง จุดนี้อยู่ในพื้นที่รอยต่อเชิงเขากับพื้นที่ราบ โดยพื้นที่เมืองบริเวณเชิงเขาที่ลาดลงสู่ชายฝั่งอันดามัน มีคลองและทางน้ำย่อยรับน้ำจากพื้นที่สูงด้านตะวันออกก่อนระบายผ่านเขตชุมชน ทำให้มีความไวต่อเหตุการณ์ฝนหนักและฝนตกหนัก น้ำท่วมขัง และน้ำหลาก. ประกอบกับข้อมูลรายชื่อหมู่บ้านประกาศภัยระดับตำบลพบหมู่บ้านที่อยู่ในกลุ่มความเสี่ยงสูงหรือความเสี่ยงสูงมาก ได้แก่ บางกลาง  บางริ้น  ระนองพัฒนา  แพใหม่

จากลักษณะทางกายภาพและข้อมูลพื้นที่ที่มีการประกาศภัยดังกล่าว จึงมีความเหมาะสมในการติดตั้งสถานีวัดฝน เพื่อเฝ้าระวังปริมาณฝนเฉพาะพื้นที่ ติดตามฝนสะสม สนับสนุนการประเมินสถานการณ์ และการแจ้งเตือนภัยสำหรับชุมชนและพื้นที่ใกล้เคียง"
โรงเรียนบ้านวังเบน	"จุดนี้เป็นแนวเฝ้าระวังของ ต.บ่อทอง อ.ทองแสนขัน เนื่องจากพื้นที่ราบเชิงเขาด้านตะวันออกของจังหวัด มีทางน้ำย่อยรับน้ำจากแนวภูเขาก่อนระบายสู่พื้นที่เกษตรและชุมชน เมื่อมีฝนตกต่อเนื่องอาจเกิดฝนตกหนัก น้ำป่าไหลหลาก และน้ำท่วมฉับพลัน. ประกอบกับข้อมูลรายชื่อหมู่บ้านประกาศภัยระดับตำบลพบหมู่บ้านที่อยู่ในกลุ่มความเสี่ยงสูงหรือความเสี่ยงสูงมาก ได้แก่ น้ำลอก  ปางค้อ  แสนขัน

จากลักษณะทางกายภาพและข้อมูลพื้นที่ที่มีการประกาศภัยดังกล่าว จึงมีความเหมาะสมในการติดตั้งสถานีวัดฝน เพื่อเฝ้าระวังปริมาณฝนเฉพาะพื้นที่ ติดตามฝนสะสม สนับสนุนการประเมินสถานการณ์ และการแจ้งเตือนภัยสำหรับชุมชนและพื้นที่ใกล้เคียง"
ศาลาบ้านท่าช้าง หมู่ 6	"พื้นที่บ้านท่าช้าง ต.จริม อ.ท่าปลา อยู่ในเขตต้นน้ำและหุบเขาที่เชื่อมกับคลองสิงห์ในลุ่มน้ำน่าน โดยมีลำห้วยจากพื้นที่สูง เช่น ลำห้วยรกช้าง รับน้ำฝนก่อนรวมเข้าสู่คลองสิงห์และไหลต่อไปยังแม่น้ำน่าน ลักษณะภูมิประเทศทำให้น้ำตอบสนองต่อฝนหนักได้รวดเร็ว จึงต้องเฝ้าระวังฝนตกหนัก น้ำป่าไหลหลาก และน้ำท่วมฉับพลันตามแนวลำห้วยและพื้นที่ชุมชนด้านล่าง. ประกอบกับข้อมูลรายชื่อหมู่บ้านประกาศภัยระดับตำบลพบหมู่บ้านที่อยู่ในกลุ่มความเสี่ยงสูงหรือความเสี่ยงสูงมาก ได้แก่ เลิศชัย  เนินสูง  ชัยมงคล  จริม

จากลักษณะทางกายภาพและข้อมูลพื้นที่ที่มีการประกาศภัยดังกล่าว จึงมีความเหมาะสมในการติดตั้งสถานีวัดฝน เพื่อเฝ้าระวังปริมาณฝนเฉพาะพื้นที่ ติดตามฝนสะสม สนับสนุนการประเมินสถานการณ์ และการแจ้งเตือนภัยสำหรับชุมชนและพื้นที่ใกล้เคียง"
ศาลาประชาคมบ้านผาลาด	"พื้นที่ ต.น้ำหมัน อ.ท่าปลา บริเวณจุดติดตั้งมีลักษณะเป็นพื้นที่หุบเขาและแนวรับน้ำจากพื้นที่สูง โดยพื้นที่ภูเขาและหุบเขาที่เชื่อมกับระบบแม่น้ำน่านและอ่างเก็บน้ำสิริกิติ์ มีทางน้ำสาขาหลายสายจากพื้นที่สูง ส่งผลให้พื้นที่ตอบสนองต่อฝนหนักและมีโอกาสเกิดฝนตกหนัก น้ำป่าไหลหลาก และน้ำท่วมฉับพลัน. ประกอบกับข้อมูลรายชื่อหมู่บ้านประกาศภัยระดับตำบลพบหมู่บ้านที่อยู่ในกลุ่มความเสี่ยงสูงหรือความเสี่ยงสูงมาก ได้แก่ ปางหมิ่น  นาต้นโพธิ์  น้ำหมันใต้  น้ำต๊ะ

จากลักษณะทางกายภาพและข้อมูลพื้นที่ที่มีการประกาศภัยดังกล่าว จึงมีความเหมาะสมในการติดตั้งสถานีวัดฝน เพื่อเฝ้าระวังปริมาณฝนเฉพาะพื้นที่ ติดตามฝนสะสม สนับสนุนการประเมินสถานการณ์ และการแจ้งเตือนภัยสำหรับชุมชนและพื้นที่ใกล้เคียง"
ศาลาอเนกประสงค์บ้านปางไฮ	"บริเวณบ้านปางไฮ ต.บ่อเบี้ย อ.บ้านโคก เป็นพื้นที่ภูเขาตอนบนของลุ่มน้ำปาดในระบบลุ่มน้ำน่าน มีลำห้วยเลารับน้ำจากแนวเขาและพื้นที่สูงของตำบลก่อนระบายลงไปรวมกับลำน้ำปาด เมื่อมีฝนตกหนัก น้ำสามารถรวมตัวและเพิ่มระดับได้รวดเร็วตามลำห้วย ทำให้เสี่ยงต่อน้ำป่าไหลหลาก น้ำท่วมฉับพลัน และดินถล่มในพื้นที่ลาดชัน โดยมวลน้ำจะเคลื่อนจากพื้นที่ตอนบนผ่านลำห้วยเลาเข้าสู่ลำน้ำปาดและพื้นที่อำเภอฟากท่าด้านท้ายน้ำ. ประกอบกับข้อมูลรายชื่อหมู่บ้านประกาศภัยระดับตำบลพบหมู่บ้านที่อยู่ในกลุ่มความเสี่ยงสูงหรือความเสี่ยงสูงมาก ได้แก่ ภูต่าง

จากลักษณะทางกายภาพและข้อมูลพื้นที่ที่มีการประกาศภัยดังกล่าว จึงมีความเหมาะสมในการติดตั้งสถานีวัดฝน เพื่อเฝ้าระวังปริมาณฝนเฉพาะพื้นที่ ติดตามฝนสะสม สนับสนุนการประเมินสถานการณ์ และการแจ้งเตือนภัยสำหรับชุมชนและพื้นที่ใกล้เคียง"
องค์การบริหารส่วนตำบลบ้านเสี้ยว	"จุดองค์การบริหารส่วนตำบลบ้านเสี้ยวตั้งอยู่ในพื้นที่รอยต่อเชิงเขากับพื้นที่ชุมชนของ ต.บ้านเสี้ยว อ.ฟากท่า ซึ่งเป็นส่วนหนึ่งของระบบลำน้ำปาดในลุ่มน้ำน่าน น้ำฝนจากพื้นที่สูงและลำห้วยสาขาโดยรอบมีแนวโน้มไหลรวมลงสู่ลำน้ำปาดก่อนเคลื่อนไปยังพื้นที่ตอนล่างของอำเภอฟากท่าและพื้นที่ต่อเนื่อง ความเสี่ยงหลักจึงเป็นฝนหนัก น้ำป่าไหลหลาก และน้ำท่วมฉับพลันบริเวณทางน้ำและพื้นที่ต่ำ. ประกอบกับไม่พบหมู่บ้านระดับความเสี่ยงสูงหรือความเสี่ยงสูงมากในตำบลนี้ จึงใช้ข้อมูลหมู่บ้านระดับความเสี่ยงปานกลางประกอบการพิจารณา โดยมีรายชื่อได้แก่ ใหม่พัฒนา

จากลักษณะทางกายภาพและข้อมูลพื้นที่ที่มีการประกาศภัยดังกล่าว จึงมีความเหมาะสมในการติดตั้งสถานีวัดฝน เพื่อเฝ้าระวังปริมาณฝนเฉพาะพื้นที่ ติดตามฝนสะสม สนับสนุนการประเมินสถานการณ์ และการแจ้งเตือนภัยสำหรับชุมชนและพื้นที่ใกล้เคียง"
วัดนาไพร	"พื้นที่ ต.ฟากท่า อ.ฟากท่า อยู่ในแนวภูเขาและหุบเขาของลุ่มน้ำน่าน โดยเชื่อมโยงกับลำน้ำปาดและลำห้วยสาขาที่รับน้ำจากพื้นที่สูงโดยรอบ เมื่อเกิดฝนหนัก น้ำจากแนวเขาจะไหลลงตามลำห้วยเข้าสู่ลำน้ำปาดและเคลื่อนต่อไปยังพื้นที่ตอนล่าง จึงมีความเสี่ยงต่อฝนตกหนัก น้ำป่าไหลหลาก น้ำท่วมฉับพลัน และดินถล่มในจุดลาดชัน.

จากลักษณะทางกายภาพและความเสี่ยงของพื้นที่ที่อธิบายข้างต้น จึงมีความเหมาะสมในการติดตั้งสถานีวัดฝน เพื่อเฝ้าระวังปริมาณฝนเฉพาะพื้นที่ ติดตามฝนสะสม สนับสนุนการประเมินสถานการณ์ และการแจ้งเตือนภัยสำหรับชุมชนและพื้นที่ใกล้เคียง ทั้งนี้ควรใช้ข้อมูลภัยพิบัติหรือข้อมูลพื้นที่เพิ่มเติมประกอบการพิจารณาในส่วนของหมู่บ้าน"
สำนักงานเทศบาลตำบลคลองทรายขาว	"ตำแหน่งนี้อยู่ในแนวรับและระบายน้ำของ ต.คลองทรายขาว อ.กงหรา โดยพื้นที่เชิงเขาบรรทัดและหุบเขา มีคลองรับน้ำจากพื้นที่สูงก่อนเข้าสู่พื้นที่ราบ จึงสามารถสะท้อนฝนในบริบทพื้นที่ก่อนเกิดฝนตกหนัก น้ำป่าไหลหลาก น้ำท่วมฉับพลัน และน้ำท่วมขัง. ประกอบกับข้อมูลรายชื่อหมู่บ้านประกาศภัยระดับตำบลพบหมู่บ้านที่อยู่ในกลุ่มความเสี่ยงสูงหรือความเสี่ยงสูงมาก ได้แก่ ทอนตรน  ท่าเหนาะ

จากลักษณะทางกายภาพและข้อมูลพื้นที่ที่มีการประกาศภัยดังกล่าว จึงมีความเหมาะสมในการติดตั้งสถานีวัดฝน เพื่อเฝ้าระวังปริมาณฝนเฉพาะพื้นที่ ติดตามฝนสะสม สนับสนุนการประเมินสถานการณ์ และการแจ้งเตือนภัยสำหรับชุมชนและพื้นที่ใกล้เคียง"
ศูนย์พัฒนาเด็กเล็กบ้านโหล๊ะบ้า ม.4	"พื้นที่รอยต่อของระบบระบายน้ำใน ต.บ้านนา อ.ศรีนครินทร์ โดยพื้นที่รอยต่อภูเขากับที่ราบ มีคลองจากเทือกเขาบรรทัดไหลลงสู่พื้นที่ชุมชนและเกษตร จึงมีบทบาทในการสะท้อนสถานการณ์ฝนก่อนน้ำเคลื่อนสู่พื้นที่ต่ำ ความเสี่ยงที่ควรติดตามคือฝนตกหนัก น้ำป่าไหลหลาก น้ำท่วมฉับพลัน และน้ำท่วมขัง. ประกอบกับข้อมูลรายชื่อหมู่บ้านประกาศภัยระดับตำบลพบหมู่บ้านที่อยู่ในกลุ่มความเสี่ยงสูงหรือความเสี่ยงสูงมาก ได้แก่ ท่าเชียด  พรุนายขาว  ห้วยตอ  สายคลอง

จากลักษณะทางกายภาพและข้อมูลพื้นที่ที่มีการประกาศภัยดังกล่าว จึงมีความเหมาะสมในการติดตั้งสถานีวัดฝน เพื่อเฝ้าระวังปริมาณฝนเฉพาะพื้นที่ ติดตามฝนสะสม สนับสนุนการประเมินสถานการณ์ และการแจ้งเตือนภัยสำหรับชุมชนและพื้นที่ใกล้เคียง"
องค์การบริหารส่วนตำบลทุ่งนารี	"พื้นที่ราบลุ่มใน ต.ทุ่งนารี อ.ป่าบอน โดยพื้นที่ราบตอนใต้ของจังหวัด รับน้ำจากลำคลองสาขาก่อนระบายสู่ที่ราบลุ่มและทะเลสาบ จึงมีบทบาทในการสะท้อนสถานการณ์ฝนก่อนน้ำเคลื่อนสู่พื้นที่ต่ำ ความเสี่ยงที่ควรติดตามคือฝนตกหนัก น้ำป่าไหลหลาก น้ำท่วมฉับพลัน และน้ำท่วมขัง. ประกอบกับข้อมูลรายชื่อหมู่บ้านประกาศภัยระดับตำบลพบหมู่บ้านที่อยู่ในกลุ่มความเสี่ยงสูงหรือความเสี่ยงสูงมาก ได้แก่ ควนนายทน

จากลักษณะทางกายภาพและข้อมูลพื้นที่ที่มีการประกาศภัยดังกล่าว จึงมีความเหมาะสมในการติดตั้งสถานีวัดฝน เพื่อเฝ้าระวังปริมาณฝนเฉพาะพื้นที่ ติดตามฝนสะสม สนับสนุนการประเมินสถานการณ์ และการแจ้งเตือนภัยสำหรับชุมชนและพื้นที่ใกล้เคียง"
สำนักงานเทศบาลตำบลบ้านนา	"พื้นที่ ต.บ้านนา อ.ศรีนครินทร์ มีภูมิประเทศเชื่อมต่อจากเทือกเขาบรรทัดทางตะวันตกลงสู่พื้นที่ราบ โดยมีคลองและลำห้วยหลายสาย เช่น คลองลำใน รับน้ำจากพื้นที่สูงก่อนระบายผ่านชุมชนและพื้นที่เกษตร เมื่อเกิดฝนหนักจึงมีโอกาสเกิดน้ำป่าไหลหลาก น้ำหลากฉับพลัน และน้ำท่วมขังในพื้นที่ต่ำ. ประกอบกับข้อมูลรายชื่อหมู่บ้านประกาศภัยระดับตำบลพบหมู่บ้านที่อยู่ในกลุ่มความเสี่ยงสูงหรือความเสี่ยงสูงมาก ได้แก่ นาวง  นา  บ้านตีนนา บ้านในวัง  ป่าสน  คอกเสือ

จากลักษณะทางกายภาพและข้อมูลพื้นที่ที่มีการประกาศภัยดังกล่าว จึงมีความเหมาะสมในการติดตั้งสถานีวัดฝน เพื่อเฝ้าระวังปริมาณฝนเฉพาะพื้นที่ ติดตามฝนสะสม สนับสนุนการประเมินสถานการณ์ และการแจ้งเตือนภัยสำหรับชุมชนและพื้นที่ใกล้เคียง"
องค์การบริหารส่วนตำบลตะแพน	"จุดติดตั้งเชื่อมโยงกับระบบน้ำของ ต.ตะแพน อ.ศรีบรรพต โดยพื้นที่เชิงเขาบรรทัดด้านตะวันตก มีลำห้วยต้นน้ำไหลลงสู่ที่ราบลุ่มทะเลสาบสงขลา จึงมีความสำคัญต่อการติดตามสัญญาณฝนก่อนเกิดฝนตกหนัก น้ำป่าไหลหลาก น้ำท่วมฉับพลัน และน้ำท่วมขัง. ประกอบกับข้อมูลรายชื่อหมู่บ้านประกาศภัยระดับตำบลพบหมู่บ้านที่อยู่ในกลุ่มความเสี่ยงสูงหรือความเสี่ยงสูงมาก ได้แก่ สวนโหนด  หน้าควน  หัสคุณ

จากลักษณะทางกายภาพและข้อมูลพื้นที่ที่มีการประกาศภัยดังกล่าว จึงมีความเหมาะสมในการติดตั้งสถานีวัดฝน เพื่อเฝ้าระวังปริมาณฝนเฉพาะพื้นที่ ติดตามฝนสะสม สนับสนุนการประเมินสถานการณ์ และการแจ้งเตือนภัยสำหรับชุมชนและพื้นที่ใกล้เคียง"
วัดเด่นชุมพล	"ตำแหน่งนี้อยู่ในแนวรับและระบายน้ำของ ต.ปงป่าหวาย อ.เด่นชัย โดยพื้นที่รอยต่อภูเขากับที่ราบตอนล่างของลุ่มน้ำยม เป็นแนวผ่านของน้ำจากพื้นที่สูงสู่ชุมชน จึงสามารถสะท้อนฝนในบริบทพื้นที่ก่อนเกิดฝนตกหนักและน้ำหลาก. ประกอบกับข้อมูลรายชื่อหมู่บ้านประกาศภัยระดับตำบลพบหมู่บ้านที่อยู่ในกลุ่มความเสี่ยงสูงหรือความเสี่ยงสูงมาก ได้แก่ ต้นม่วง  สวนหลวง  แม่ยุ้น  เด่นชุมพล  ปงป่าหวาย

จากลักษณะทางกายภาพและข้อมูลพื้นที่ที่มีการประกาศภัยดังกล่าว จึงมีความเหมาะสมในการติดตั้งสถานีวัดฝน เพื่อเฝ้าระวังปริมาณฝนเฉพาะพื้นที่ ติดตามฝนสะสม สนับสนุนการประเมินสถานการณ์ และการแจ้งเตือนภัยสำหรับชุมชนและพื้นที่ใกล้เคียง"
ศูนย์การเรียนรู้บ้านปง	"บริบทพื้นที่ของ ต.ต้าผามอก อ.ลอง บริเวณนี้เป็นพื้นที่หุบเขาและแนวรับน้ำจากพื้นที่สูง และพื้นที่หุบเขาและลุ่มน้ำสาขาของแม่น้ำยม รับน้ำจากแนวภูเขาก่อนระบายเข้าสู่พื้นที่ราบตอนล่าง จึงเหมาะเป็นจุดเฝ้าระวังฝนเชิงพื้นที่ โดยเฉพาะความเสี่ยงจากฝนตกหนักและน้ำหลาก. ประกอบกับข้อมูลรายชื่อหมู่บ้านประกาศภัยระดับตำบลพบหมู่บ้านที่อยู่ในกลุ่มความเสี่ยงสูงหรือความเสี่ยงสูงมาก ได้แก่ ผามอก  น้ำริน  ปง  เกี๋ยงพา  อิม  ใหม่พม่า  ม่วงเจริญ  ศรีใจ

จากลักษณะทางกายภาพและข้อมูลพื้นที่ที่มีการประกาศภัยดังกล่าว จึงมีความเหมาะสมในการติดตั้งสถานีวัดฝน เพื่อเฝ้าระวังปริมาณฝนเฉพาะพื้นที่ ติดตามฝนสะสม สนับสนุนการประเมินสถานการณ์ และการแจ้งเตือนภัยสำหรับชุมชนและพื้นที่ใกล้เคียง"
ศูนย์พัฒนาเด็กเล็กบ้านนาปลากั้ง	"บริเวณ องค์การบริหารส่วนตำบลนาพูน อยู่ในพื้นที่หุบเขาและแนวรับน้ำจากพื้นที่สูงของ ต.นาพูน อ.วังชิ้น โดยพื้นที่หุบเขาตอนล่างของลุ่มน้ำยม มีลำห้วยจากภูเขารวมตัวก่อนเข้าสู่แม่น้ำยม ลักษณะพื้นที่ทำให้ปริมาณฝนสัมพันธ์โดยตรงกับการเกิดฝนตกหนักและน้ำหลาก. ประกอบกับไม่พบหมู่บ้านระดับความเสี่ยงสูงหรือความเสี่ยงสูงมากในตำบลนี้ จึงใช้ข้อมูลหมู่บ้านระดับความเสี่ยงปานกลางประกอบการพิจารณา โดยมีรายชื่อได้แก่ นาพูน  นาปลากั้ง  วังลึก  ป่าไร่หลวง

จากลักษณะทางกายภาพและข้อมูลพื้นที่ที่มีการประกาศภัยดังกล่าว จึงมีความเหมาะสมในการติดตั้งสถานีวัดฝน เพื่อเฝ้าระวังปริมาณฝนเฉพาะพื้นที่ ติดตามฝนสะสม สนับสนุนการประเมินสถานการณ์ และการแจ้งเตือนภัยสำหรับชุมชนและพื้นที่ใกล้เคียง"
สำนักงานป้องกันฯ อบต. เตาปูน	"พื้นที่ ต.เตาปูน อ.สอง มีทั้งพื้นที่ราบสลับเนินเขาและแนวลำน้ำยม–แม่น้ำสอง โดยน้ำจากพื้นที่สูงและลำห้วยสาขาจะไหลรวมลงสู่แม่น้ำยม เมื่อมีฝนตกหนักหรือฝนสะสมต่อเนื่อง ระดับน้ำในลำน้ำหลักและลำห้วยสามารถเพิ่มขึ้นรวดเร็ว ส่งผลต่อชุมชนและพื้นที่เกษตรริมลำน้ำ. ประกอบกับข้อมูลรายชื่อหมู่บ้านประกาศภัยระดับตำบลพบหมู่บ้านที่อยู่ในกลุ่มความเสี่ยงสูงหรือความเสี่ยงสูงมาก ได้แก่ ข่วงชมภู

จากลักษณะทางกายภาพและข้อมูลพื้นที่ที่มีการประกาศภัยดังกล่าว จึงมีความเหมาะสมในการติดตั้งสถานีวัดฝน เพื่อเฝ้าระวังปริมาณฝนเฉพาะพื้นที่ ติดตามฝนสะสม สนับสนุนการประเมินสถานการณ์ และการแจ้งเตือนภัยสำหรับชุมชนและพื้นที่ใกล้เคียง"
องค์การบริหารส่วนตำบลเวียงทอง	"พื้นที่ ต.เวียงทอง อ.สูงเม่น บริเวณจุดติดตั้งมีลักษณะเป็นพื้นที่ราบลุ่ม โดยพื้นที่ราบลุ่มตอนกลางของลุ่มน้ำยม มีชุมชนและพื้นที่เกษตรหนาแน่นและรับน้ำจากลำน้ำสาขา ส่งผลให้พื้นที่ตอบสนองต่อฝนหนักและมีโอกาสเกิดฝนตกหนักและน้ำหลาก. ประกอบกับข้อมูลรายชื่อหมู่บ้านประกาศภัยระดับตำบลพบหมู่บ้านที่อยู่ในกลุ่มความเสี่ยงสูงหรือความเสี่ยงสูงมาก ได้แก่ ไชยมาตร์  โพธิ์สุนทร  น้ำบ่อ  เขื่อนคำลือ  ผาสุก  เวียงทองใหม่  ไชยมาตย์

จากลักษณะทางกายภาพและข้อมูลพื้นที่ที่มีการประกาศภัยดังกล่าว จึงมีความเหมาะสมในการติดตั้งสถานีวัดฝน เพื่อเฝ้าระวังปริมาณฝนเฉพาะพื้นที่ ติดตามฝนสะสม สนับสนุนการประเมินสถานการณ์ และการแจ้งเตือนภัยสำหรับชุมชนและพื้นที่ใกล้เคียง"
สนามหญ้าที่ว่าการอำเภอกระนวน	"พื้นที่โดยรอบ สถานีตำรวจภูธรกระนวน อยู่ในพื้นที่สำคัญในระบบระบายน้ำของท้องถิ่น โดยพื้นที่ตอนเหนือของจังหวัดในระบบลำน้ำพองและลำห้วยสาขา รับฝนจากพื้นที่ราบสูงก่อนระบายสู่ตอนล่าง จึงเป็นบริเวณที่ควรติดตามการเปลี่ยนแปลงของฝนอย่างต่อเนื่อง เพราะอาจเกิดน้ำท่วมขังและน้ำหลากในช่วงฝนหนัก.

จากลักษณะทางกายภาพและความเสี่ยงของพื้นที่ที่อธิบายข้างต้น จึงมีความเหมาะสมในการติดตั้งสถานีวัดฝน เพื่อเฝ้าระวังปริมาณฝนเฉพาะพื้นที่ ติดตามฝนสะสม สนับสนุนการประเมินสถานการณ์ และการแจ้งเตือนภัยสำหรับชุมชนและพื้นที่ใกล้เคียง ทั้งนี้ควรใช้ข้อมูลภัยพิบัติหรือข้อมูลพื้นที่เพิ่มเติมประกอบการพิจารณาในส่วนของหมู่บ้าน"
องค์การบริหารส่วนตำบลบ้านหัน	"จากลักษณะพื้นที่ของ ต.บ้านหัน อ.โนนศิลา จุดนี้อยู่ในพื้นที่สำคัญในระบบระบายน้ำของท้องถิ่น โดยพื้นที่ราบเกษตรในลุ่มน้ำชีตอนกลาง ทำให้มีความไวต่อเหตุการณ์ฝนหนักและน้ำท่วมขัง การระบายช้า และน้ำหลาก. ประกอบกับไม่พบหมู่บ้านระดับความเสี่ยงสูงหรือความเสี่ยงสูงมากในตำบลนี้ จึงใช้ข้อมูลหมู่บ้านระดับความเสี่ยงปานกลางประกอบการพิจารณา โดยมีรายชื่อได้แก่ หัน  หนองไฮ  ห้วยแคน  วังยาว  หนองขี้เห็น  ห้างข้าว  หนองน้ำขุ่นเหนือ  หนองน้ำขุ่นใต้  หนองแวง  หนองไฮน้อย  หนองแวงน้อย  หนองทุ่ม  กุดหลง  ดอนกู่

จากลักษณะทางกายภาพและข้อมูลพื้นที่ที่มีการประกาศภัยดังกล่าว จึงมีความเหมาะสมในการติดตั้งสถานีวัดฝน เพื่อเฝ้าระวังปริมาณฝนเฉพาะพื้นที่ ติดตามฝนสะสม สนับสนุนการประเมินสถานการณ์ และการแจ้งเตือนภัยสำหรับชุมชนและพื้นที่ใกล้เคียง"
สำนักงานเทศบาลเมืองบัวเงิน	"ตำแหน่งนี้อยู่ในแนวรับและระบายน้ำของ ต.บัวเงิน อ.น้ำพอง โดยพื้นที่ราบลุ่มของลุ่มน้ำพอง มีชุมชนและพื้นที่เกษตรตามแนวลำน้ำและคลองสาขา จึงสามารถสะท้อนฝนในบริบทพื้นที่ก่อนเกิดน้ำท่วมขังและน้ำหลาก.

จากลักษณะทางกายภาพและความเสี่ยงของพื้นที่ที่อธิบายข้างต้น จึงมีความเหมาะสมในการติดตั้งสถานีวัดฝน เพื่อเฝ้าระวังปริมาณฝนเฉพาะพื้นที่ ติดตามฝนสะสม สนับสนุนการประเมินสถานการณ์ และการแจ้งเตือนภัยสำหรับชุมชนและพื้นที่ใกล้เคียง ทั้งนี้ควรใช้ข้อมูลภัยพิบัติหรือข้อมูลพื้นที่เพิ่มเติมประกอบการพิจารณาในส่วนของหมู่บ้าน"
ที่ว่าการอำเภอน้ำพอง	"บริบทพื้นที่ของ ต.วังชัย อ.น้ำพอง บริเวณนี้เป็นพื้นที่ราบลุ่ม และพื้นที่ราบลุ่มของลุ่มน้ำพอง มีชุมชนและพื้นที่เกษตรตามแนวลำน้ำและคลองสาขา จึงเหมาะเป็นจุดเฝ้าระวังฝนเชิงพื้นที่ โดยเฉพาะความเสี่ยงจากน้ำท่วมขังและน้ำหลาก. ประกอบกับข้อมูลรายชื่อหมู่บ้านประกาศภัยระดับตำบลพบหมู่บ้านที่อยู่ในกลุ่มความเสี่ยงสูงหรือความเสี่ยงสูงมาก ได้แก่ วังชัย  หนองแซง  วังเกิ้ง  วังถั่ว  สร้างแซง  โคกกลาง  เสียว  ศรีประเสริฐ  ประชานิมิตร

จากลักษณะทางกายภาพและข้อมูลพื้นที่ที่มีการประกาศภัยดังกล่าว จึงมีความเหมาะสมในการติดตั้งสถานีวัดฝน เพื่อเฝ้าระวังปริมาณฝนเฉพาะพื้นที่ ติดตามฝนสะสม สนับสนุนการประเมินสถานการณ์ และการแจ้งเตือนภัยสำหรับชุมชนและพื้นที่ใกล้เคียง"
โรงเรียนบ้านคำบง	"พื้นที่โดยรอบ เทศบาลตำบลสะอาด อยู่ในพื้นที่ราบลุ่ม โดยพื้นที่ราบลุ่มของลุ่มน้ำพอง มีชุมชนและพื้นที่เกษตรตามแนวลำน้ำและคลองสาขา จึงเป็นบริเวณที่ควรติดตามการเปลี่ยนแปลงของฝนอย่างต่อเนื่อง เพราะอาจเกิดน้ำท่วมขังและน้ำหลากในช่วงฝนหนัก. 

จากลักษณะทางกายภาพและความเสี่ยงของพื้นที่ที่อธิบายข้างต้น จึงมีความเหมาะสมในการติดตั้งสถานีวัดฝน เพื่อเฝ้าระวังปริมาณฝนเฉพาะพื้นที่ ติดตามฝนสะสม สนับสนุนการประเมินสถานการณ์ และการแจ้งเตือนภัยสำหรับชุมชนและพื้นที่ใกล้เคียง ทั้งนี้ควรใช้ข้อมูลภัยพิบัติหรือข้อมูลพื้นที่เพิ่มเติมประกอบการพิจารณาในส่วนของหมู่บ้าน"
องค์การบริหารส่วนตำบลป่าปอ	"บริบทพื้นที่ของ ต.ป่าปอ อ.บ้านไผ่ บริเวณนี้เป็นพื้นที่ราบลุ่ม และพื้นที่ราบลุ่มตอนกลางของลุ่มน้ำชี มีทางระบายน้ำและพื้นที่เกษตรกว้าง ทำให้น้ำสะสมได้เมื่อฝนตกหนัก จึงเหมาะเป็นจุดเฝ้าระวังฝนเชิงพื้นที่ โดยเฉพาะความเสี่ยงจากฝนตกหนัก น้ำท่วมขัง น้ำสะสม และน้ำหลาก. ประกอบกับข้อมูลรายชื่อหมู่บ้านประกาศภัยระดับตำบลพบหมู่บ้านที่อยู่ในกลุ่มความเสี่ยงสูงหรือความเสี่ยงสูงมาก ได้แก่ เสือเฒ่า  ข่าลิ้น  หนองตับเต่า  ป่าปอ  หนองดู่  ดอนเปือย  สร้างเอี่ยน  ห้วยเสือเฒ่า  ป่าปอพัฒนา

จากลักษณะทางกายภาพและข้อมูลพื้นที่ที่มีการประกาศภัยดังกล่าว จึงมีความเหมาะสมในการติดตั้งสถานีวัดฝน เพื่อเฝ้าระวังปริมาณฝนเฉพาะพื้นที่ ติดตามฝนสะสม สนับสนุนการประเมินสถานการณ์ และการแจ้งเตือนภัยสำหรับชุมชนและพื้นที่ใกล้เคียง"
ศาลากลางจังหวัดขอนแก่น	"บริเวณศาลากลางจังหวัดขอนแก่น ต.ในเมือง อยู่ในเขตเมืองที่มีพื้นผิวสิ่งปลูกสร้างหนาแน่น การระบายน้ำอาศัยโครงข่ายท่อ คลอง และแหล่งรับน้ำสำคัญ เช่น บึงทุ่งสร้าง เมื่อเกิดฝนตกหนักระยะสั้น น้ำผิวดินสามารถไหลรวมเข้าสู่พื้นที่ต่ำและระบบระบายน้ำอย่างรวดเร็ว ทำให้เสี่ยงต่อน้ำท่วมขังและการระบายไม่ทันในเขตศูนย์ราชการและชุมชนเมือง. ประกอบกับข้อมูลรายชื่อหมู่บ้านประกาศภัยระดับตำบลพบหมู่บ้านที่อยู่ในกลุ่มความเสี่ยงสูงหรือความเสี่ยงสูงมาก ได้แก่ หนองแวงตราชู3  หนองแวงตราชู4  มิตรภาพ  หนองใหญ่4  ทุ่งเศรษฐี

จากลักษณะทางกายภาพและข้อมูลพื้นที่ที่มีการประกาศภัยดังกล่าว จึงมีความเหมาะสมในการติดตั้งสถานีวัดฝน เพื่อเฝ้าระวังปริมาณฝนเฉพาะพื้นที่ ติดตามฝนสะสม สนับสนุนการประเมินสถานการณ์ และการแจ้งเตือนภัยสำหรับชุมชนและพื้นที่ใกล้เคียง"
โรงเรียนบ้านแก่งประลอม	"บริเวณดังกล่าวทำหน้าที่เป็นจุดเฝ้าระวังของ ต.ไทรโยค อ.ไทรโยค เนื่องจากพื้นที่ภูเขาและหุบเขาของลุ่มน้ำแควน้อย มีลำห้วยจากแนวเทือกเขาตะนาวศรีไหลลงสู่แม่น้ำแควน้อย ลักษณะพื้นที่มีความสัมพันธ์กับการเกิดฝนตกหนัก น้ำป่าไหลหลาก และน้ำท่วมฉับพลัน. ประกอบกับข้อมูลรายชื่อหมู่บ้านประกาศภัยระดับตำบลพบหมู่บ้านที่อยู่ในกลุ่มความเสี่ยงสูงหรือความเสี่ยงสูงมาก ได้แก่ วังนกแก้ว

จากลักษณะทางกายภาพและข้อมูลพื้นที่ที่มีการประกาศภัยดังกล่าว จึงมีความเหมาะสมในการติดตั้งสถานีวัดฝน เพื่อเฝ้าระวังปริมาณฝนเฉพาะพื้นที่ ติดตามฝนสะสม สนับสนุนการประเมินสถานการณ์ และการแจ้งเตือนภัยสำหรับชุมชนและพื้นที่ใกล้เคียง"
องค์การบริหารส่วนตำบลหนองกุ่ม	"จุด องค์การบริหารส่วนตำบลหนองกุ่ม มีความสำคัญเชิงพื้นที่เนื่องจากอยู่ในพื้นที่สำคัญในระบบระบายน้ำของท้องถิ่นของ ต.หนองกุ่ม อ.บ่อพลอย โดยพื้นที่เนินเขาสลับที่ราบของลุ่มน้ำแม่กลองตอนบน มีลำห้วยรับน้ำจากพื้นที่สูงและไหลผ่านพื้นที่เกษตร หากมีฝนหนักต่อเนื่องอาจนำไปสู่ฝนตกหนัก น้ำป่าไหลหลาก และน้ำท่วมฉับพลัน. ประกอบกับข้อมูลรายชื่อหมู่บ้านประกาศภัยระดับตำบลพบหมู่บ้านที่อยู่ในกลุ่มความเสี่ยงสูงหรือความเสี่ยงสูงมาก ได้แก่ ทุ่งมะสัง

จากลักษณะทางกายภาพและข้อมูลพื้นที่ที่มีการประกาศภัยดังกล่าว จึงมีความเหมาะสมในการติดตั้งสถานีวัดฝน เพื่อเฝ้าระวังปริมาณฝนเฉพาะพื้นที่ ติดตามฝนสะสม สนับสนุนการประเมินสถานการณ์ และการแจ้งเตือนภัยสำหรับชุมชนและพื้นที่ใกล้เคียง"
สำนักงานเทศบาลตำบลหนองปลาไหล	"จากลักษณะพื้นที่ของ ต.หนองปลาไหล อ.หนองปรือ จุดนี้อยู่ในพื้นที่รอยต่อเชิงเขากับพื้นที่ราบ โดยพื้นที่ตอนในและราบเชิงเขาของลุ่มน้ำแม่กลอง มีทางน้ำย่อยรับน้ำจากแนวเขาก่อนเข้าสู่พื้นที่ชุมชน ทำให้มีความไวต่อเหตุการณ์ฝนหนักและฝนตกหนัก น้ำป่าไหลหลาก และน้ำท่วมฉับพลัน. ประกอบกับข้อมูลรายชื่อหมู่บ้านประกาศภัยระดับตำบลพบหมู่บ้านที่อยู่ในกลุ่มความเสี่ยงสูงหรือความเสี่ยงสูงมาก ได้แก่ พยอมงาม  ใหม่พัฒนา  ห้วยหวาย  หนองปลาไหล  ศรีสุขเจริญ  หนองขนาก  หนองไผ่ล้อม  หนองขอนเทพพนม  หนองกร่าง  สามร้อยไร่  เทพมงคล  หนองแกประชาสรรค์  ศรีสวรรค์

จากลักษณะทางกายภาพและข้อมูลพื้นที่ที่มีการประกาศภัยดังกล่าว จึงมีความเหมาะสมในการติดตั้งสถานีวัดฝน เพื่อเฝ้าระวังปริมาณฝนเฉพาะพื้นที่ ติดตามฝนสะสม สนับสนุนการประเมินสถานการณ์ และการแจ้งเตือนภัยสำหรับชุมชนและพื้นที่ใกล้เคียง"
องค์การบริหารส่วนตำบลบ้านแก้ง	"บริบทพื้นที่ของ ต.บ้านแก้ง อ.แก้งคร้อ บริเวณนี้เป็นพื้นที่สำคัญในระบบระบายน้ำของท้องถิ่น และพื้นที่ตอนเหนือของลุ่มน้ำชี มีลำห้วยสาขาไหลผ่านชุมชนและพื้นที่เกษตรก่อนลงสู่ลำน้ำหลัก จึงเหมาะเป็นจุดเฝ้าระวังฝนเชิงพื้นที่ โดยเฉพาะความเสี่ยงจากฝนตกหนัก น้ำท่วมขัง และน้ำหลาก. ประกอบกับไม่พบหมู่บ้านระดับความเสี่ยงสูงหรือความเสี่ยงสูงมากในตำบลนี้ จึงใช้ข้อมูลหมู่บ้านระดับความเสี่ยงปานกลางประกอบการพิจารณา โดยมีรายชื่อได้แก่ โนนส้มกบ

จากลักษณะทางกายภาพและข้อมูลพื้นที่ที่มีการประกาศภัยดังกล่าว จึงมีความเหมาะสมในการติดตั้งสถานีวัดฝน เพื่อเฝ้าระวังปริมาณฝนเฉพาะพื้นที่ ติดตามฝนสะสม สนับสนุนการประเมินสถานการณ์ และการแจ้งเตือนภัยสำหรับชุมชนและพื้นที่ใกล้เคียง"
องค์การบริหารส่วนตำบลบ้านขาม	"บริบทพื้นที่ของ ต.บ้านขาม อ.จัตุรัส บริเวณนี้เป็นพื้นที่สำคัญในระบบระบายน้ำของท้องถิ่น และพื้นที่ราบตอนใต้ของจังหวัดในลุ่มน้ำชี มีพื้นที่เกษตรและชุมชนที่เสี่ยงน้ำท่วมขังจากฝนสะสม จึงเหมาะเป็นจุดเฝ้าระวังฝนเชิงพื้นที่ โดยเฉพาะความเสี่ยงจากฝนตกหนัก น้ำท่วมขัง และน้ำหลาก. ประกอบกับข้อมูลรายชื่อหมู่บ้านประกาศภัยระดับตำบลพบหมู่บ้านที่อยู่ในกลุ่มความเสี่ยงสูงหรือความเสี่ยงสูงมาก ได้แก่ ขาม  หนองลูกช้าง

จากลักษณะทางกายภาพและข้อมูลพื้นที่ที่มีการประกาศภัยดังกล่าว จึงมีความเหมาะสมในการติดตั้งสถานีวัดฝน เพื่อเฝ้าระวังปริมาณฝนเฉพาะพื้นที่ ติดตามฝนสะสม สนับสนุนการประเมินสถานการณ์ และการแจ้งเตือนภัยสำหรับชุมชนและพื้นที่ใกล้เคียง"
องค์การบริหารส่วนตำบลท่ากูบ	"จากลักษณะพื้นที่ของ ต.ท่ากูบ อ.ซับใหญ่ จุดนี้อยู่ในพื้นที่รอยต่อเชิงเขากับพื้นที่ราบ โดยพื้นที่เนินเขาและราบเชิงเขาทางใต้ของจังหวัด มีทางน้ำย่อยรับน้ำจากแนวภูเขา ทำให้มีความไวต่อเหตุการณ์ฝนหนักและฝนตกหนัก น้ำท่วมขัง และน้ำหลาก. 

จากลักษณะทางกายภาพและความเสี่ยงของพื้นที่ที่อธิบายข้างต้น จึงมีความเหมาะสมในการติดตั้งสถานีวัดฝน เพื่อเฝ้าระวังปริมาณฝนเฉพาะพื้นที่ ติดตามฝนสะสม สนับสนุนการประเมินสถานการณ์ และการแจ้งเตือนภัยสำหรับชุมชนและพื้นที่ใกล้เคียง ทั้งนี้ควรใช้ข้อมูลภัยพิบัติหรือข้อมูลพื้นที่เพิ่มเติมประกอบการพิจารณาในส่วนของหมู่บ้าน"
สำนักงานป้องกันฯ หนองบัวระเหว	"สำนักงานป้องกันฯ หนองบัวระเหว ตั้งอยู่ในพื้นที่ราบสลับเนินเขาของ ต.หนองบัวระเหว อ.หนองบัวระเหว ซึ่งเชื่อมกับลำคันฉูและลำห้วยสาขาในระบบลุ่มน้ำชี น้ำฝนจากพื้นที่สูงและเนินเขาโดยรอบจะไหลรวมเข้าสู่ทางน้ำท้องถิ่นและลำคันฉู ก่อนระบายต่อไปยังพื้นที่ราบและชุมชนด้านท้ายน้ำ เมื่อมีฝนตกหนักหรือฝนสะสมต่อเนื่องจึงมีโอกาสเกิดน้ำหลาก น้ำท่วมขัง และน้ำเอ่อตามทางน้ำในพื้นที่ต่ำ. ประกอบกับข้อมูลรายชื่อหมู่บ้านประกาศภัยระดับตำบลพบหมู่บ้านที่อยู่ในกลุ่มความเสี่ยงสูงหรือความเสี่ยงสูงมาก ได้แก่ หนองบัวระเหว

จากลักษณะทางกายภาพและข้อมูลพื้นที่ที่มีการประกาศภัยดังกล่าว จึงมีความเหมาะสมในการติดตั้งสถานีวัดฝน เพื่อเฝ้าระวังปริมาณฝนเฉพาะพื้นที่ ติดตามฝนสะสม สนับสนุนการประเมินสถานการณ์ และการแจ้งเตือนภัยสำหรับชุมชนและพื้นที่ใกล้เคียง"
องค์การบริหารส่วนตำบลสะกำ	"จุดนี้เป็นแนวเฝ้าระวังของ ต.สะกำ อ.มายอ เนื่องจากพื้นที่ราบสลับเนินเขาที่มีคลองและลำห้วยสาขาไหลลงสู่พื้นที่ราบปัตตานี เมื่อมีฝนตกต่อเนื่องอาจเกิดฝนตกหนัก น้ำท่วมขัง และน้ำหลาก. ประกอบกับข้อมูลรายชื่อหมู่บ้านประกาศภัยระดับตำบลพบหมู่บ้านที่อยู่ในกลุ่มความเสี่ยงสูงหรือความเสี่ยงสูงมาก ได้แก่ สะกำ  ศาลาบูดี  คลองโตะโนะ  กูบังบาเดาะ

จากลักษณะทางกายภาพและข้อมูลพื้นที่ที่มีการประกาศภัยดังกล่าว จึงมีความเหมาะสมในการติดตั้งสถานีวัดฝน เพื่อเฝ้าระวังปริมาณฝนเฉพาะพื้นที่ ติดตามฝนสะสม สนับสนุนการประเมินสถานการณ์ และการแจ้งเตือนภัยสำหรับชุมชนและพื้นที่ใกล้เคียง"
องค์การบริหารส่วนตำบลคอลอตันหยง	"ตำแหน่งนี้อยู่ในแนวรับและระบายน้ำของ ต.คอลอตันหยง อ.หนองจิก โดยพื้นที่ราบลุ่มตอนล่างของลุ่มน้ำปัตตานีและใกล้พื้นที่ชายฝั่ง รับน้ำต่อเนื่องจากตอนบนก่อนระบายออกสู่ทะเล จึงสามารถสะท้อนฝนในบริบทพื้นที่ก่อนเกิดน้ำท่วมขังและการระบายช้า. ประกอบกับข้อมูลรายชื่อหมู่บ้านประกาศภัยระดับตำบลพบหมู่บ้านที่อยู่ในกลุ่มความเสี่ยงสูงหรือความเสี่ยงสูงมาก ได้แก่ คอลอตันหยง  กาแลกูมิ  ไร่  ต้นสะท้อน  แม่โอน  ออเลาะปีแน

จากลักษณะทางกายภาพและข้อมูลพื้นที่ที่มีการประกาศภัยดังกล่าว จึงมีความเหมาะสมในการติดตั้งสถานีวัดฝน เพื่อเฝ้าระวังปริมาณฝนเฉพาะพื้นที่ ติดตามฝนสะสม สนับสนุนการประเมินสถานการณ์ และการแจ้งเตือนภัยสำหรับชุมชนและพื้นที่ใกล้เคียง"
องค์การบริหารส่วนตำบลลิปะสะโง	"ในเชิงภูมิศาสตร์ จุด องค์การบริหารส่วนตำบลลิปะสะโง อยู่ในพื้นที่ราบลุ่มตอนล่าง โดยพื้นที่ราบลุ่มตอนล่างของลุ่มน้ำปัตตานีและใกล้พื้นที่ชายฝั่ง รับน้ำต่อเนื่องจากตอนบนก่อนระบายออกสู่ทะเล จึงสามารถใช้เป็นตัวแทนติดตามฝนของบริเวณนี้ได้ โดยเฉพาะช่วงที่เสี่ยงต่อน้ำท่วมขังและการระบายช้า. ประกอบกับข้อมูลรายชื่อหมู่บ้านประกาศภัยระดับตำบลพบหมู่บ้านที่อยู่ในกลุ่มความเสี่ยงสูงหรือความเสี่ยงสูงมาก ได้แก่ กาเดาะ  ท่ากูโบ  ทุ่งโพธิ์

จากลักษณะทางกายภาพและข้อมูลพื้นที่ที่มีการประกาศภัยดังกล่าว จึงมีความเหมาะสมในการติดตั้งสถานีวัดฝน เพื่อเฝ้าระวังปริมาณฝนเฉพาะพื้นที่ ติดตามฝนสะสม สนับสนุนการประเมินสถานการณ์ และการแจ้งเตือนภัยสำหรับชุมชนและพื้นที่ใกล้เคียง"
สำนักงานเทศบาลตำบลหนองจิก	"พื้นที่ ต.หนองจิก อ.หนองจิก อยู่ในที่ราบลุ่มตอนล่างใกล้ชายฝั่ง และเชื่อมโยงกับคลองหนองจิกซึ่งรับน้ำจากระบบแม่น้ำปัตตานีก่อนระบายสู่พื้นที่ตอนล่าง เมื่อเกิดฝนหนักร่วมกับน้ำจากตอนบนหรือการระบายลงทะเลชะลอตัว พื้นที่ชุมชนและเกษตรมีโอกาสเกิดน้ำท่วมขังและน้ำหลาก. 

จากลักษณะทางกายภาพและความเสี่ยงของพื้นที่ที่อธิบายข้างต้น จึงมีความเหมาะสมในการติดตั้งสถานีวัดฝน เพื่อเฝ้าระวังปริมาณฝนเฉพาะพื้นที่ ติดตามฝนสะสม สนับสนุนการประเมินสถานการณ์ และการแจ้งเตือนภัยสำหรับชุมชนและพื้นที่ใกล้เคียง ทั้งนี้ควรใช้ข้อมูลภัยพิบัติหรือข้อมูลพื้นที่เพิ่มเติมประกอบการพิจารณาในส่วนของหมู่บ้าน"
องค์การบริหารส่วนตำบลช่องแคบ	"บริเวณ องค์การบริหารส่วนตำบลช่องแคบ อยู่ในพื้นที่รอยต่อเชิงเขากับพื้นที่ราบของ ต.ช่องแคบ อ.พบพระ โดยพื้นที่ภูเขาชายแดนและราบเชิงเขาฝั่งตะวันตก มีลำห้วยรับน้ำจากพื้นที่สูงก่อนระบายสู่ลุ่มน้ำเมย ลักษณะพื้นที่ทำให้ปริมาณฝนสัมพันธ์โดยตรงกับการเกิดฝนตกหนัก น้ำป่าไหลหลาก และน้ำท่วมฉับพลัน. ประกอบกับข้อมูลรายชื่อหมู่บ้านประกาศภัยระดับตำบลพบหมู่บ้านที่อยู่ในกลุ่มความเสี่ยงสูงหรือความเสี่ยงสูงมาก ได้แก่ ใหม่สามยอดดอย  ชิบาโบ  ใหม่ดินแดง

จากลักษณะทางกายภาพและข้อมูลพื้นที่ที่มีการประกาศภัยดังกล่าว จึงมีความเหมาะสมในการติดตั้งสถานีวัดฝน เพื่อเฝ้าระวังปริมาณฝนเฉพาะพื้นที่ ติดตามฝนสะสม สนับสนุนการประเมินสถานการณ์ และการแจ้งเตือนภัยสำหรับชุมชนและพื้นที่ใกล้เคียง"
องค์การบริหารส่วนตำบลวังหมัน	"บริเวณดังกล่าวทำหน้าที่เป็นจุดเฝ้าระวังของ ต.วังหมัน อ.สามเงา เนื่องจากพื้นที่ราบสลับเนินเขาของลุ่มน้ำปิงตอนบนและใกล้ระบบอ่างเก็บน้ำภูมิพล รับน้ำจากพื้นที่สูงโดยรอบก่อนระบายลงพื้นที่ต่ำ ลักษณะพื้นที่มีความสัมพันธ์กับการเกิดน้ำหลาก.

จากลักษณะทางกายภาพและความเสี่ยงของพื้นที่ที่อธิบายข้างต้น จึงมีความเหมาะสมในการติดตั้งสถานีวัดฝน เพื่อเฝ้าระวังปริมาณฝนเฉพาะพื้นที่ ติดตามฝนสะสม สนับสนุนการประเมินสถานการณ์ และการแจ้งเตือนภัยสำหรับชุมชนและพื้นที่ใกล้เคียง ทั้งนี้ควรใช้ข้อมูลภัยพิบัติหรือข้อมูลพื้นที่เพิ่มเติมประกอบการพิจารณาในส่วนของหมู่บ้าน"
โรงเรียนบ้านหัวปอน	"บริบทพื้นที่ของ ต.แม่ยวมน้อย อ.ขุนยวม บริเวณนี้เป็นพื้นที่หุบเขาและแนวรับน้ำจากพื้นที่สูง และพื้นที่ภูเขาและหุบเขาของลุ่มน้ำยวม มีทางน้ำสาขาจากพื้นที่ลาดชันก่อนเข้าสู่ชุมชน จึงเหมาะเป็นจุดเฝ้าระวังฝนเชิงพื้นที่ โดยเฉพาะความเสี่ยงจากฝนตกหนัก น้ำป่าไหลหลาก และน้ำหลากฉับพลัน. ประกอบกับข้อมูลรายชื่อหมู่บ้านประกาศภัยระดับตำบลพบหมู่บ้านที่อยู่ในกลุ่มความเสี่ยงสูงหรือความเสี่ยงสูงมาก ได้แก่ หัวปอน

จากลักษณะทางกายภาพและข้อมูลพื้นที่ที่มีการประกาศภัยดังกล่าว จึงมีความเหมาะสมในการติดตั้งสถานีวัดฝน เพื่อเฝ้าระวังปริมาณฝนเฉพาะพื้นที่ ติดตามฝนสะสม สนับสนุนการประเมินสถานการณ์ และการแจ้งเตือนภัยสำหรับชุมชนและพื้นที่ใกล้เคียง"
องค์การบริหารส่วนตำบลถ้ำลอด	"พื้นที่ ต.ถ้ำลอด อ.ปางมะผ้า เป็นพื้นที่ภูเขาหินปูนและหุบเขา มีแม่น้ำลางและลำห้วยสาขารับน้ำจากพื้นที่สูงก่อนไหลผ่านชุมชนและระบบถ้ำ เมื่อเกิดฝนหนัก น้ำในลำน้ำสามารถเพิ่มขึ้นรวดเร็ว จึงมีความเสี่ยงต่อน้ำป่าไหลหลาก น้ำท่วมฉับพลัน และดินถล่มในพื้นที่ลาดชัน. ประกอบกับข้อมูลรายชื่อหมู่บ้านประกาศภัยระดับตำบลพบหมู่บ้านที่อยู่ในกลุ่มความเสี่ยงสูงหรือความเสี่ยงสูงมาก ได้แก่ แอลา

จากลักษณะทางกายภาพและข้อมูลพื้นที่ที่มีการประกาศภัยดังกล่าว จึงมีความเหมาะสมในการติดตั้งสถานีวัดฝน เพื่อเฝ้าระวังปริมาณฝนเฉพาะพื้นที่ ติดตามฝนสะสม สนับสนุนการประเมินสถานการณ์ และการแจ้งเตือนภัยสำหรับชุมชนและพื้นที่ใกล้เคียง"
องค์การบริหารส่วนตำบลทุ่งยาว	"จุดนี้เป็นแนวเฝ้าระวังของ ต.ทุ่งยาว อ.ปาย เนื่องจากพื้นที่หุบเขาของลุ่มน้ำปาย มีภูเขาล้อมรอบและลำห้วยจากพื้นที่สูงไหลลงสู่ที่ราบชุมชน เมื่อมีฝนตกต่อเนื่องอาจเกิดฝนตกหนัก น้ำป่าไหลหลาก และน้ำหลากฉับพลัน. ประกอบกับข้อมูลรายชื่อหมู่บ้านประกาศภัยระดับตำบลพบหมู่บ้านที่อยู่ในกลุ่มความเสี่ยงสูงหรือความเสี่ยงสูงมาก ได้แก่ ทุ่งโป่ง  ทุ่งยาวเหนือ  สบแพม  แพมกลาง  ร้องแหย่ง  กุงแกง

จากลักษณะทางกายภาพและข้อมูลพื้นที่ที่มีการประกาศภัยดังกล่าว จึงมีความเหมาะสมในการติดตั้งสถานีวัดฝน เพื่อเฝ้าระวังปริมาณฝนเฉพาะพื้นที่ ติดตามฝนสะสม สนับสนุนการประเมินสถานการณ์ และการแจ้งเตือนภัยสำหรับชุมชนและพื้นที่ใกล้เคียง"
โรงเรียนชุมชนบ้านปางหมู	"ตำแหน่งนี้อยู่ในแนวรับและระบายน้ำของ ต.ปางหมู อ.เมืองแม่ฮ่องสอน โดยพื้นที่แอ่งแม่ฮ่องสอน รับน้ำจากภูเขารอบแอ่งผ่านลำห้วยและแม่น้ำปาย จึงสามารถสะท้อนฝนในบริบทพื้นที่ก่อนเกิดฝนตกหนัก น้ำป่าไหลหลาก และน้ำหลากฉับพลัน. ประกอบกับข้อมูลรายชื่อหมู่บ้านประกาศภัยระดับตำบลพบหมู่บ้านที่อยู่ในกลุ่มความเสี่ยงสูงหรือความเสี่ยงสูงมาก ได้แก่ ขุนกลาง  ชานเมือง  ดอยแสง  ทุ่งกองมู  ในสอย  สบป่อง  สบสอย  ไม้สะเป่

จากลักษณะทางกายภาพและข้อมูลพื้นที่ที่มีการประกาศภัยดังกล่าว จึงมีความเหมาะสมในการติดตั้งสถานีวัดฝน เพื่อเฝ้าระวังปริมาณฝนเฉพาะพื้นที่ ติดตามฝนสะสม สนับสนุนการประเมินสถานการณ์ และการแจ้งเตือนภัยสำหรับชุมชนและพื้นที่ใกล้เคียง"
วิทยาลัยการอาชีพแม่สะเรียง	"บริเวณ วิทยาลัยการอาชีพแม่สะเรียง อยู่ในพื้นที่ภูเขาและต้นน้ำของ ต.แม่สะเรียง อ.แม่สะเรียง โดยพื้นที่หุบเขาและที่ราบริมลำน้ำยวมในระบบลุ่มน้ำสาละวิน รับน้ำจากภูเขาสูงโดยรอบ ลักษณะพื้นที่ทำให้ปริมาณฝนสัมพันธ์โดยตรงกับการเกิดฝนตกหนัก น้ำป่าไหลหลาก และน้ำหลากฉับพลัน. ประกอบกับไม่พบหมู่บ้านระดับความเสี่ยงสูงหรือความเสี่ยงสูงมากในตำบลนี้ จึงใช้ข้อมูลหมู่บ้านระดับความเสี่ยงปานกลางประกอบการพิจารณา โดยมีรายชื่อได้แก่ ในเวียง  ทุ่งพร้าว  จอมแจ้ง  แพะเด่นมะห้า  ไร่  ดงสงัด  หนองผักหนาม  ป่ากล้วย  นาคาว

จากลักษณะทางกายภาพและข้อมูลพื้นที่ที่มีการประกาศภัยดังกล่าว จึงมีความเหมาะสมในการติดตั้งสถานีวัดฝน เพื่อเฝ้าระวังปริมาณฝนเฉพาะพื้นที่ ติดตามฝนสะสม สนับสนุนการประเมินสถานการณ์ และการแจ้งเตือนภัยสำหรับชุมชนและพื้นที่ใกล้เคียง"
อบต. บาเระเหนือ	"พื้นที่รอยต่อเชิงเขากับพื้นที่ราบใน ต.บาเระเหนือ อ.บาเจาะ โดยพื้นที่ตอนในรอยต่อเชิงเขากับที่ราบ มีทางน้ำย่อยรับน้ำจากพื้นที่สูงก่อนเข้าสู่ชุมชน จึงมีบทบาทในการสะท้อนสถานการณ์ฝนก่อนน้ำเคลื่อนสู่พื้นที่ต่ำ ความเสี่ยงที่ควรติดตามคือน้ำท่วมขังและน้ำหลาก. ประกอบกับข้อมูลรายชื่อหมู่บ้านประกาศภัยระดับตำบลพบหมู่บ้านที่อยู่ในกลุ่มความเสี่ยงสูงหรือความเสี่ยงสูงมาก ได้แก่ จำปากอ  อาตะบือเระ  ยามูแรแน  อีโย๊ะ

จากลักษณะทางกายภาพและข้อมูลพื้นที่ที่มีการประกาศภัยดังกล่าว จึงมีความเหมาะสมในการติดตั้งสถานีวัดฝน เพื่อเฝ้าระวังปริมาณฝนเฉพาะพื้นที่ ติดตามฝนสะสม สนับสนุนการประเมินสถานการณ์ และการแจ้งเตือนภัยสำหรับชุมชนและพื้นที่ใกล้เคียง"
อบต. บางปอ	"บริบทพื้นที่ของ ต.บางปอ อ.เมืองนราธิวาส บริเวณนี้เป็นพื้นที่ราบลุ่ม และพื้นที่ราบลุ่มชายฝั่งและชุมชนเมือง รับน้ำจากคลองสาขาก่อนระบายสู่ทะเล จึงเหมาะเป็นจุดเฝ้าระวังฝนเชิงพื้นที่ โดยเฉพาะความเสี่ยงจากฝนตกหนัก น้ำท่วมขัง และน้ำหลาก. ประกอบกับข้อมูลรายชื่อหมู่บ้านประกาศภัยระดับตำบลพบหมู่บ้านที่อยู่ในกลุ่มความเสี่ยงสูงหรือความเสี่ยงสูงมาก ได้แก่ จืองา  ตะโล๊ะแน็งอามาน  ไม้งาม

จากลักษณะทางกายภาพและข้อมูลพื้นที่ที่มีการประกาศภัยดังกล่าว จึงมีความเหมาะสมในการติดตั้งสถานีวัดฝน เพื่อเฝ้าระวังปริมาณฝนเฉพาะพื้นที่ ติดตามฝนสะสม สนับสนุนการประเมินสถานการณ์ และการแจ้งเตือนภัยสำหรับชุมชนและพื้นที่ใกล้เคียง"
เทศบาลตำบลมะรือโบตก	"จุดติดตั้งเชื่อมโยงกับระบบน้ำของ ต.มะรือโบตก อ.ระแงะ โดยพื้นที่ราบลุ่มภายในของลุ่มน้ำบางนรา มีคลองสาขาหลายสายและมีโอกาสเกิดน้ำสะสม/น้ำท่วมขัง จึงมีความสำคัญต่อการติดตามสัญญาณฝนก่อนเกิดน้ำท่วมขัง น้ำสะสม และน้ำหลาก. ประกอบกับข้อมูลรายชื่อหมู่บ้านประกาศภัยระดับตำบลพบหมู่บ้านที่อยู่ในกลุ่มความเสี่ยงสูงหรือความเสี่ยงสูงมาก ได้แก่ มือราเอ็ง  กูแบบาเดาะ  กำปงปาเระ  สะโล  บูเก๊ะมูนิง  บาโงระนะ  อาแว

จากลักษณะทางกายภาพและข้อมูลพื้นที่ที่มีการประกาศภัยดังกล่าว จึงมีความเหมาะสมในการติดตั้งสถานีวัดฝน เพื่อเฝ้าระวังปริมาณฝนเฉพาะพื้นที่ ติดตามฝนสะสม สนับสนุนการประเมินสถานการณ์ และการแจ้งเตือนภัยสำหรับชุมชนและพื้นที่ใกล้เคียง"
อบต.กาหลง	"พื้นที่โดยรอบ อบต.กาหลง อยู่ในพื้นที่หุบเขาและแนวรับน้ำจากพื้นที่สูง โดยพื้นที่ภูเขาและหุบเขาตอนในของลุ่มน้ำสายบุรี มีลำห้วยจากพื้นที่สูงและเสี่ยงน้ำป่าไหลหลาก จึงเป็นบริเวณที่ควรติดตามการเปลี่ยนแปลงของฝนอย่างต่อเนื่อง เพราะอาจเกิดน้ำป่าไหลหลากและน้ำท่วมขังในช่วงฝนหนัก. ประกอบกับไม่พบหมู่บ้านระดับความเสี่ยงสูงหรือความเสี่ยงสูงมากในตำบลนี้ จึงใช้ข้อมูลหมู่บ้านระดับความเสี่ยงปานกลางประกอบการพิจารณา โดยมีรายชื่อได้แก่ ป่าไผ่

จากลักษณะทางกายภาพและข้อมูลพื้นที่ที่มีการประกาศภัยดังกล่าว จึงมีความเหมาะสมในการติดตั้งสถานีวัดฝน เพื่อเฝ้าระวังปริมาณฝนเฉพาะพื้นที่ ติดตามฝนสะสม สนับสนุนการประเมินสถานการณ์ และการแจ้งเตือนภัยสำหรับชุมชนและพื้นที่ใกล้เคียง"
อบต.สุไหงปาดี	"พื้นที่ ต.สุไหงปาดี อ.สุไหงปาดี เชื่อมโยงกับคลองสุไหงปาดีซึ่งรับน้ำจากพื้นที่ตอนในก่อนระบายไปยังพื้นที่ราบตอนล่างของจังหวัด ลักษณะพื้นที่มีชุมชนและพื้นที่เกษตรตามแนวคลอง เมื่อเกิดฝนหนักต่อเนื่องจึงมีโอกาสเกิดน้ำล้นตลิ่ง น้ำท่วมขัง และน้ำหลากในพื้นที่ต่ำ. ประกอบกับข้อมูลรายชื่อหมู่บ้านประกาศภัยระดับตำบลพบหมู่บ้านที่อยู่ในกลุ่มความเสี่ยงสูงหรือความเสี่ยงสูงมาก ได้แก่ ไอกูบู  ควน  ปิเหล็ง

จากลักษณะทางกายภาพและข้อมูลพื้นที่ที่มีการประกาศภัยดังกล่าว จึงมีความเหมาะสมในการติดตั้งสถานีวัดฝน เพื่อเฝ้าระวังปริมาณฝนเฉพาะพื้นที่ ติดตามฝนสะสม สนับสนุนการประเมินสถานการณ์ และการแจ้งเตือนภัยสำหรับชุมชนและพื้นที่ใกล้เคียง"
องค์การบริหารส่วนตำบลปุโรง	"จากลักษณะพื้นที่ของ ต.ปุโรง อ.กรงปินัง จุดนี้อยู่ในพื้นที่รอยต่อเชิงเขากับพื้นที่ราบ โดยพื้นที่หุบเขาและเชิงเขาในลุ่มน้ำปัตตานี มีลำห้วยรับน้ำจากพื้นที่สูงก่อนเข้าสู่แม่น้ำปัตตานี ทำให้มีความไวต่อเหตุการณ์ฝนหนักและฝนตกหนัก น้ำป่าไหลหลาก และน้ำท่วมฉับพลัน. ประกอบกับข้อมูลรายชื่อหมู่บ้านประกาศภัยระดับตำบลพบหมู่บ้านที่อยู่ในกลุ่มความเสี่ยงสูงหรือความเสี่ยงสูงมาก ได้แก่ โฉลง  ปุโรง  ตะโละปานะ

จากลักษณะทางกายภาพและข้อมูลพื้นที่ที่มีการประกาศภัยดังกล่าว จึงมีความเหมาะสมในการติดตั้งสถานีวัดฝน เพื่อเฝ้าระวังปริมาณฝนเฉพาะพื้นที่ ติดตามฝนสะสม สนับสนุนการประเมินสถานการณ์ และการแจ้งเตือนภัยสำหรับชุมชนและพื้นที่ใกล้เคียง"
องค์การบริหารส่วนตำบลบาละ	"พื้นที่ ต.บาละ อ.กาบัง เป็นพื้นที่เนินเขาและหุบเขาใกล้แนวชายแดน มีคลองน้ำใสและลำคลองธรรมชาติหลายสายรับน้ำจากพื้นที่สูง เมื่อเกิดฝนหนัก น้ำสามารถไหลรวมตามลำห้วยและคลองได้รวดเร็ว ส่งผลให้ชุมชนตามแนวลำน้ำมีความเสี่ยงต่อน้ำป่าไหลหลาก น้ำท่วมฉับพลัน และดินถล่มในจุดลาดชัน. ประกอบกับไม่พบหมู่บ้านระดับความเสี่ยงสูงหรือความเสี่ยงสูงมากในตำบลนี้ จึงใช้ข้อมูลหมู่บ้านระดับความเสี่ยงปานกลางประกอบการพิจารณา โดยมีรายชื่อได้แก่ คลองน้ำใส  หินลูกช้าง  คลองปุด

จากลักษณะทางกายภาพและข้อมูลพื้นที่ที่มีการประกาศภัยดังกล่าว จึงมีความเหมาะสมในการติดตั้งสถานีวัดฝน เพื่อเฝ้าระวังปริมาณฝนเฉพาะพื้นที่ ติดตามฝนสะสม สนับสนุนการประเมินสถานการณ์ และการแจ้งเตือนภัยสำหรับชุมชนและพื้นที่ใกล้เคียง"
มัสยิดดารุนนาอีม ม.3 บ้านมาลากลาง	"จุดมัสยิดนูรุคคีนใน ต.ตาเนาะแมเราะ อ.เบตง อยู่ในพื้นที่ภูเขาและหุบเขาของลุ่มน้ำปัตตานีตอนบน ซึ่งมีลำห้วยจำนวนมากรับน้ำจากพื้นที่สูงก่อนรวมเข้าสู่ระบบแม่น้ำปัตตานี เมื่อเกิดฝนหนัก น้ำจากแนวเขาจะไหลลงตามร่องน้ำและลำห้วยสู่พื้นที่ชุมชนด้านล่างอย่างรวดเร็ว ทำให้มีความเสี่ยงต่อน้ำป่าไหลหลาก น้ำท่วมฉับพลัน และดินถล่มในบริเวณลาดชัน ก่อนที่มวลน้ำจะเคลื่อนต่อไปยังพื้นที่ตอนล่างของลุ่มน้ำ. ประกอบกับไม่พบหมู่บ้านระดับความเสี่ยงสูงหรือความเสี่ยงสูงมากในตำบลนี้ จึงใช้ข้อมูลหมู่บ้านระดับความเสี่ยงปานกลางประกอบการพิจารณา โดยมีรายชื่อได้แก่ จาเราะปะไต  มาลา  กม. 7  บ่อน้ำร้อน  สุตันตานนท์  มาลาเหนือ

จากลักษณะทางกายภาพและข้อมูลพื้นที่ที่มีการประกาศภัยดังกล่าว จึงมีความเหมาะสมในการติดตั้งสถานีวัดฝน เพื่อเฝ้าระวังปริมาณฝนเฉพาะพื้นที่ ติดตามฝนสะสม สนับสนุนการประเมินสถานการณ์ และการแจ้งเตือนภัยสำหรับชุมชนและพื้นที่ใกล้เคียง"
มัสยิดอุซซีซาอาลาตักวา (เจาะลีมัส)	"บริบทพื้นที่ของ ต.อาซ่อง อ.รามัน บริเวณนี้เป็นพื้นที่สำคัญในระบบระบายน้ำของท้องถิ่น และพื้นที่ราบและเนินเขาทางตะวันออกของจังหวัด เชื่อมโยงลุ่มน้ำสายบุรีและลำห้วยสาขา มีชุมชนกระจายตามแนวทางน้ำ จึงเหมาะเป็นจุดเฝ้าระวังฝนเชิงพื้นที่ โดยเฉพาะความเสี่ยงจากฝนตกหนัก น้ำป่าไหลหลาก และน้ำท่วมฉับพลัน. ประกอบกับข้อมูลรายชื่อหมู่บ้านประกาศภัยระดับตำบลพบหมู่บ้านที่อยู่ในกลุ่มความเสี่ยงสูงหรือความเสี่ยงสูงมาก ได้แก่ กือเม็ง  แย๊ะ  บูเก๊ะบือราแง  เจาะลีมัส  สะโต  บูเกะลาโม๊ะ

จากลักษณะทางกายภาพและข้อมูลพื้นที่ที่มีการประกาศภัยดังกล่าว จึงมีความเหมาะสมในการติดตั้งสถานีวัดฝน เพื่อเฝ้าระวังปริมาณฝนเฉพาะพื้นที่ ติดตามฝนสะสม สนับสนุนการประเมินสถานการณ์ และการแจ้งเตือนภัยสำหรับชุมชนและพื้นที่ใกล้เคียง"
องค์การบริหารส่วนตำบลขุนน่าน	"ตำแหน่งนี้อยู่ในแนวรับและระบายน้ำของ ต.ขุนน่าน อ.เฉลิมพระเกียรติ โดยภูเขาสูงของ ต.ขุนน่าน อ.เฉลิมพระเกียรติ ซึ่งเป็นเขตต้นน้ำและมีลำห้วยจากแนวภูเขารับน้ำฝนก่อนระบายลงสู่พื้นที่ชุมชนด้านล่าง จึงสามารถสะท้อนฝนในบริบทพื้นที่ก่อนเกิดฝนตกหนัก น้ำป่าไหลหลาก และดินถล่ม. ประกอบกับข้อมูลรายชื่อหมู่บ้านประกาศภัยระดับตำบลพบหมู่บ้านที่อยู่ในกลุ่มความเสี่ยงสูงหรือความเสี่ยงสูงมาก ได้แก่ ด่าน

จากลักษณะทางกายภาพและข้อมูลพื้นที่ที่มีการประกาศภัยดังกล่าว จึงมีความเหมาะสมในการติดตั้งสถานีวัดฝน เพื่อเฝ้าระวังปริมาณฝนเฉพาะพื้นที่ ติดตามฝนสะสม สนับสนุนการประเมินสถานการณ์ และการแจ้งเตือนภัยสำหรับชุมชนและพื้นที่ใกล้เคียง"
สำนักงานป้องกันและบรรเทาสาธารณภัยจังหวัดชัยนาท	"พื้นที่ราบลุ่มในเขตเมืองชัยนาท ซึ่งเป็นศูนย์กลางเศรษฐกิจและมีชุมชนหนาแน่น มีความเชื่อมโยงกับระบบลุ่มน้ำเจ้าพระยาและมีความเสี่ยงต่อ น้ำท่วมขังในเขตเมืองจากฝนตกหนักเฉพาะพื้นที่ หรือ ฝนลักษณะ (Rain Bomb) โดยปัจจุบันพื้นที่ดังกล่าวยังขาดสถานีวัดฝนสำหรับติดตามปริมาณฝนอย่างใกล้ชิด. ประกอบกับข้อมูลรายชื่อหมู่บ้านประกาศภัยระดับตำบลพบหมู่บ้านที่อยู่ในกลุ่มความเสี่ยงสูงหรือความเสี่ยงสูงมาก ได้แก่ ชุมชนศรีวิชัย  ชุมชนท่าแจง  วังไร  เขาท่าพระ  เขาขยาย  หางกรวด

จากลักษณะทางกายภาพและข้อมูลพื้นที่ที่มีการประกาศภัยดังกล่าว จึงมีความเหมาะสมในการติดตั้งสถานีวัดฝน เพื่อเฝ้าระวังปริมาณฝนเฉพาะพื้นที่ ติดตามฝนสะสม สนับสนุนการประเมินสถานการณ์ และการแจ้งเตือนภัยสำหรับชุมชนและพื้นที่ใกล้เคียง"
สำนักงานเทศบาลตำบลชัยนาท	"พื้นที่เทศบาลเมืองชัยนาทอยู่ในที่ราบลุ่มของลุ่มแม่น้ำเจ้าพระยาและเป็นเขตเมืองที่มีชุมชน หน่วยงาน และกิจกรรมเศรษฐกิจหนาแน่น น้ำฝนที่ตกในเขตเมืองจะระบายผ่านระบบคลองและทางระบายน้ำลงสู่พื้นที่ต่ำและแม่น้ำเจ้าพระยา หากเกิดฝนหนักเฉพาะพื้นที่หรือฝนตกในช่วงเวลาสั้นแต่มีความเข้มสูง อาจทำให้ระบบระบายรองรับไม่ทันและเกิดน้ำท่วมขังในเขตชุมชน. ประกอบกับข้อมูลรายชื่อหมู่บ้านประกาศภัยระดับตำบลพบหมู่บ้านที่อยู่ในกลุ่มความเสี่ยงสูงหรือความเสี่ยงสูงมาก ได้แก่ วังไผ่  ท่ากระยาง  บางตาด้วง  ดอนมะรุม

จากลักษณะทางกายภาพและข้อมูลพื้นที่ที่มีการประกาศภัยดังกล่าว จึงมีความเหมาะสมในการติดตั้งสถานีวัดฝน เพื่อเฝ้าระวังปริมาณฝนเฉพาะพื้นที่ ติดตามฝนสะสม สนับสนุนการประเมินสถานการณ์ และการแจ้งเตือนภัยสำหรับชุมชนและพื้นที่ใกล้เคียง"
องค์การบริหารส่วนตำบลมะขามเฒ่า	"พื้นที่ ต.มะขามเฒ่า อ.วัดสิงห์ ตั้งอยู่ในที่ราบลุ่มของลุ่มแม่น้ำเจ้าพระยา มีชุมชนและพื้นที่เกษตรตามแนวแม่น้ำและทางระบายน้ำ เมื่อมีฝนตกหนักในพื้นที่หรือมีน้ำหลากจากตอนบน ระดับน้ำสามารถเพิ่มสูงและเอ่อล้นเข้าสู่พื้นที่ต่ำ ส่งผลให้มีความเสี่ยงต่อน้ำท่วมและน้ำท่วมขังในชุมชนริมแม่น้ำ. ประกอบกับข้อมูลรายชื่อหมู่บ้านประกาศภัยระดับตำบลพบหมู่บ้านที่อยู่ในกลุ่มความเสี่ยงสูงหรือความเสี่ยงสูงมาก ได้แก่ ปากคลอง  ท่าเรือทอง

จากลักษณะทางกายภาพและข้อมูลพื้นที่ที่มีการประกาศภัยดังกล่าว จึงมีความเหมาะสมในการติดตั้งสถานีวัดฝน เพื่อเฝ้าระวังปริมาณฝนเฉพาะพื้นที่ ติดตามฝนสะสม สนับสนุนการประเมินสถานการณ์ และการแจ้งเตือนภัยสำหรับชุมชนและพื้นที่ใกล้เคียง"
โรงเรียนบ้านน้ำร้อน	"ตั้งอยู่ในพื้นที่เชิงเขาและต้นน้ำของ ต.ทุ่งนุ้ย ซึ่งเป็นต้นน้ำคลองดุสน เหมาะสำหรับตรวจวัดฝนต้นทางและติดตามฝนสะสม เพื่อเฝ้าระวังฝนหนักและน้ำป่าไหลหลาก พร้อมสนับสนุนการแจ้งเตือนพื้นที่ท้ายน้ำตั้งแต่ควนกาหลง ควนโดน ฉลุง บ้านควน คลองขุด ถึงเขตเมืองสตูล. ประกอบกับข้อมูลรายชื่อหมู่บ้านประกาศภัยระดับตำบลพบหมู่บ้านที่อยู่ในกลุ่มความเสี่ยงสูงหรือความเสี่ยงสูงมาก ได้แก่ ทุ่งตำเสา  น้ำร้อน  เกาะใหญ่  ป้านโตน  น้ำหรา

จากลักษณะทางกายภาพและข้อมูลพื้นที่ที่มีการประกาศภัยดังกล่าว จึงมีความเหมาะสมในการติดตั้งสถานีวัดฝน เพื่อเฝ้าระวังปริมาณฝนเฉพาะพื้นที่ ติดตามฝนสะสม สนับสนุนการประเมินสถานการณ์ และการแจ้งเตือนภัยสำหรับชุมชนและพื้นที่ใกล้เคียง"
ศูนย์จัดแสดงสินค้า OTOP	"บริเวณ อบต.ควนโดน อยู่ในพื้นที่รอยต่อของระบบระบายน้ำของ ต.ควนโดน อ.ควนโดน โดยพื้นที่รอยต่อภูเขากับที่ราบทางตอนกลางของจังหวัด มีคลองจากแนวเทือกเขาบรรทัด/ชายแดนไหลสู่พื้นที่ราบ ลักษณะพื้นที่ทำให้ปริมาณฝนสัมพันธ์โดยตรงกับการเกิดฝนตกหนัก น้ำป่าไหลหลาก และน้ำท่วมขัง. ประกอบกับข้อมูลรายชื่อหมู่บ้านประกาศภัยระดับตำบลพบหมู่บ้านที่อยู่ในกลุ่มความเสี่ยงสูงหรือความเสี่ยงสูงมาก ได้แก่ ควนโดน  สะพานเคียน  ถ้ำทะลุ  ควนโต๊ะเหลง  ดูสน  หัวสะพานเหล็ก  บูเก็ตยามู  ปลักใหญ่ใจดี  นาปริก  บาราเกตุ

จากลักษณะทางกายภาพและข้อมูลพื้นที่ที่มีการประกาศภัยดังกล่าว จึงมีความเหมาะสมในการติดตั้งสถานีวัดฝน เพื่อเฝ้าระวังปริมาณฝนเฉพาะพื้นที่ ติดตามฝนสะสม สนับสนุนการประเมินสถานการณ์ และการแจ้งเตือนภัยสำหรับชุมชนและพื้นที่ใกล้เคียง"
องค์การบริหารส่วนตำบลควนโดน	"บริเวณ อบต.ควนโดน อยู่ในพื้นที่รอยต่อของระบบระบายน้ำของ ต.ควนโดน อ.ควนโดน โดยพื้นที่รอยต่อภูเขากับที่ราบทางตอนกลางของจังหวัด มีคลองจากแนวเทือกเขาบรรทัด/ชายแดนไหลสู่พื้นที่ราบ ลักษณะพื้นที่ทำให้ปริมาณฝนสัมพันธ์โดยตรงกับการเกิดฝนตกหนัก น้ำป่าไหลหลาก และน้ำท่วมขัง. ประกอบกับข้อมูลรายชื่อหมู่บ้านประกาศภัยระดับตำบลพบหมู่บ้านที่อยู่ในกลุ่มความเสี่ยงสูงหรือความเสี่ยงสูงมาก ได้แก่ ควนโดน  สะพานเคียน  ถ้ำทะลุ  ควนโต๊ะเหลง  ดูสน  หัวสะพานเหล็ก  บูเก็ตยามู  ปลักใหญ่ใจดี  นาปริก  บาราเกตุ

จากลักษณะทางกายภาพและข้อมูลพื้นที่ที่มีการประกาศภัยดังกล่าว จึงมีความเหมาะสมในการติดตั้งสถานีวัดฝน เพื่อเฝ้าระวังปริมาณฝนเฉพาะพื้นที่ ติดตามฝนสะสม สนับสนุนการประเมินสถานการณ์ และการแจ้งเตือนภัยสำหรับชุมชนและพื้นที่ใกล้เคียง"
ที่ทำการวิสาหกิจชุมชน หมู่ 6	"ในเชิงภูมิศาสตร์ จุด อบต.นิคมพัฒนา อยู่ในพื้นที่ต้นน้ำ โดยพื้นที่ภูเขาและหุบเขาตอนในของจังหวัด มีลำห้วยต้นน้ำจำนวนมากและตอบสนองต่อฝนหนักรวดเร็ว จึงสามารถใช้เป็นตัวแทนติดตามฝนของบริเวณนี้ได้ โดยเฉพาะช่วงที่เสี่ยงต่อฝนตกหนัก น้ำป่าไหลหลาก และน้ำท่วมขัง. ประกอบกับข้อมูลรายชื่อหมู่บ้านประกาศภัยระดับตำบลพบหมู่บ้านที่อยู่ในกลุ่มความเสี่ยงสูงหรือความเสี่ยงสูงมาก ได้แก่ ผัง 8  วังพระเคียน  ผัง 13  ผัง 20

จากลักษณะทางกายภาพและข้อมูลพื้นที่ที่มีการประกาศภัยดังกล่าว จึงมีความเหมาะสมในการติดตั้งสถานีวัดฝน เพื่อเฝ้าระวังปริมาณฝนเฉพาะพื้นที่ ติดตามฝนสะสม สนับสนุนการประเมินสถานการณ์ และการแจ้งเตือนภัยสำหรับชุมชนและพื้นที่ใกล้เคียง"
โรงเรียนบ้านวังสายทอง	"ตั้งอยู่ในพื้นที่ตอนบนและต้นน้ำของคลองละงู เหมาะสำหรับตรวจจับฝนและติดตามฝนสะสมก่อนน้ำไหลลงสู่พื้นที่ท้ายน้ำ เพื่อเฝ้าระวังน้ำหลากใน ต.น้ำผุด และพื้นที่ต่อเนื่อง ได้แก่ เขาขาว นิคมพัฒนา กำแพง ละงู และปากน้ำ. ประกอบกับข้อมูลรายชื่อหมู่บ้านประกาศภัยระดับตำบลพบหมู่บ้านที่อยู่ในกลุ่มความเสี่ยงสูงหรือความเสี่ยงสูงมาก ได้แก่ เกาะเปลว  หนองยูง  วังยาว

จากลักษณะทางกายภาพและข้อมูลพื้นที่ที่มีการประกาศภัยดังกล่าว จึงมีความเหมาะสมในการติดตั้งสถานีวัดฝน เพื่อเฝ้าระวังปริมาณฝนเฉพาะพื้นที่ ติดตามฝนสะสม สนับสนุนการประเมินสถานการณ์ และการแจ้งเตือนภัยสำหรับชุมชนและพื้นที่ใกล้เคียง"
โรงเรียนแม่ฮ่างวิทยา	"พื้นที่ ต.นาแก อ.งาว อยู่ในภูมิประเทศภูเขาสลับที่ราบและเป็นส่วนหนึ่งของระบบลุ่มน้ำงาว น้ำจากพื้นที่สูงและลำห้วยสาขาจะไหลรวมเข้าสู่แม่น้ำงาว เมื่อเกิดฝนหนักหรือฝนสะสมต่อเนื่อง น้ำสามารถไหลหลากลงสู่พื้นที่ชุมชนและเกษตรได้รวดเร็ว จึงมีความเสี่ยงต่อน้ำป่าไหลหลากและน้ำท่วมฉับพลันในพื้นที่ต่ำ. ประกอบกับข้อมูลรายชื่อหมู่บ้านประกาศภัยระดับตำบลพบหมู่บ้านที่อยู่ในกลุ่มความเสี่ยงสูงหรือความเสี่ยงสูงมาก ได้แก่ ทุ่งศาลา  นาแก  สันติสุข

จากลักษณะทางกายภาพและข้อมูลพื้นที่ที่มีการประกาศภัยดังกล่าว จึงมีความเหมาะสมในการติดตั้งสถานีวัดฝน เพื่อเฝ้าระวังปริมาณฝนเฉพาะพื้นที่ ติดตามฝนสะสม สนับสนุนการประเมินสถานการณ์ และการแจ้งเตือนภัยสำหรับชุมชนและพื้นที่ใกล้เคียง"
องค์การบริหารส่วนตำบลทุ่งผึ้ง	"บริบทพื้นที่ของ ต.ทุ่งผึ้ง อ.แจ้ห่ม บริเวณนี้เป็นพื้นที่สำคัญในระบบระบายน้ำของท้องถิ่น และพื้นที่ภูเขาตอนบนของลุ่มน้ำวัง มีทางน้ำสาขาจากพื้นที่สูงและมีโอกาสเกิดน้ำหลากฉับพลัน จึงเหมาะเป็นจุดเฝ้าระวังฝนเชิงพื้นที่ โดยเฉพาะความเสี่ยงจากฝนตกหนัก น้ำป่าไหลหลาก น้ำหลากฉับพลัน และน้ำท่วมฉับพลัน. ประกอบกับข้อมูลรายชื่อหมู่บ้านประกาศภัยระดับตำบลพบหมู่บ้านที่อยู่ในกลุ่มความเสี่ยงสูงหรือความเสี่ยงสูงมาก ได้แก่ แจ้คอน  แม่ช่อฟ้า  หัวฝาย  ทุ่งผึ้ง

จากลักษณะทางกายภาพและข้อมูลพื้นที่ที่มีการประกาศภัยดังกล่าว จึงมีความเหมาะสมในการติดตั้งสถานีวัดฝน เพื่อเฝ้าระวังปริมาณฝนเฉพาะพื้นที่ ติดตามฝนสะสม สนับสนุนการประเมินสถานการณ์ และการแจ้งเตือนภัยสำหรับชุมชนและพื้นที่ใกล้เคียง"
โรงพยาบาลส่งเสริมสุขภาพตำบลบ้านแพะดอกเข็ม	"จุด โรงพยาบาลส่งเสริมสุขภาพตำบลบ้านแพะดอกเข็ม มีความสำคัญเชิงพื้นที่เนื่องจากอยู่ในพื้นที่รอยต่อเชิงเขากับพื้นที่ราบของ ต.แม่พริก อ.เถิน โดยพื้นที่ราบเชิงเขาตอนล่างของลุ่มน้ำวัง รับน้ำจากแนวภูเขาก่อนระบายผ่านชุมชนและพื้นที่เกษตร หากมีฝนหนักต่อเนื่องอาจนำไปสู่ฝนตกหนัก น้ำป่าไหลหลาก และน้ำท่วมฉับพลัน. ประกอบกับไม่พบหมู่บ้านระดับความเสี่ยงสูงหรือความเสี่ยงสูงมากในตำบลนี้ จึงใช้ข้อมูลหมู่บ้านระดับความเสี่ยงปานกลางประกอบการพิจารณา โดยมีรายชื่อได้แก่ แม่พริกบน  ห้วยขี้นก  สันขี้เหล็ก

จากลักษณะทางกายภาพและข้อมูลพื้นที่ที่มีการประกาศภัยดังกล่าว จึงมีความเหมาะสมในการติดตั้งสถานีวัดฝน เพื่อเฝ้าระวังปริมาณฝนเฉพาะพื้นที่ ติดตามฝนสะสม สนับสนุนการประเมินสถานการณ์ และการแจ้งเตือนภัยสำหรับชุมชนและพื้นที่ใกล้เคียง"
โรงพยาบาลส่งเสริมสุขภาพตำบลบ้านห้วยเรียน	"จุดนี้เป็นแนวเฝ้าระวังของ ต.เวียงตาล อ.ห้างฉัตร เนื่องจากพื้นที่เชิงเขาด้านตะวันตกของลุ่มน้ำวัง มีลำห้วยจากแนวป่าต้นน้ำไหลลงสู่ที่ราบห้างฉัตร เมื่อมีฝนตกต่อเนื่องอาจเกิดฝนตกหนัก น้ำป่าไหลหลาก และน้ำท่วมฉับพลัน. ประกอบกับข้อมูลรายชื่อหมู่บ้านประกาศภัยระดับตำบลพบหมู่บ้านที่อยู่ในกลุ่มความเสี่ยงสูงหรือความเสี่ยงสูงมาก ได้แก่ สันทราย  ทุ่งเกวียน

จากลักษณะทางกายภาพและข้อมูลพื้นที่ที่มีการประกาศภัยดังกล่าว จึงมีความเหมาะสมในการติดตั้งสถานีวัดฝน เพื่อเฝ้าระวังปริมาณฝนเฉพาะพื้นที่ ติดตามฝนสะสม สนับสนุนการประเมินสถานการณ์ และการแจ้งเตือนภัยสำหรับชุมชนและพื้นที่ใกล้เคียง"
ศูนย์อนุรักษ์ช้างไทย	"บริเวณศูนย์อนุรักษ์ช้างไทย ต.เวียงตาล อ.ห้างฉัตร อยู่ในพื้นที่เชิงเขาของแนวดอยขุนตาลและเชื่อมโยงกับระบบลำน้ำแม่ตาล ซึ่งรับน้ำจากพื้นที่สูงก่อนระบายเข้าสู่พื้นที่ราบของห้างฉัตร เมื่อเกิดฝนหนักต่อเนื่อง น้ำตามลำห้วยและลำน้ำสาขาสามารถเพิ่มขึ้นรวดเร็ว ทำให้มีความเสี่ยงต่อน้ำป่าไหลหลากและน้ำท่วมฉับพลันตามพื้นที่ต่ำและแนวทางน้ำ. ประกอบกับข้อมูลรายชื่อหมู่บ้านประกาศภัยระดับตำบลพบหมู่บ้านที่อยู่ในกลุ่มความเสี่ยงสูงหรือความเสี่ยงสูงมาก ได้แก่ สันทราย  ทุ่งเกวียน

จากลักษณะทางกายภาพและข้อมูลพื้นที่ที่มีการประกาศภัยดังกล่าว จึงมีความเหมาะสมในการติดตั้งสถานีวัดฝน เพื่อเฝ้าระวังปริมาณฝนเฉพาะพื้นที่ ติดตามฝนสะสม สนับสนุนการประเมินสถานการณ์ และการแจ้งเตือนภัยสำหรับชุมชนและพื้นที่ใกล้เคียง"
โรงเรียนบ้านเหมืองแร่	"พื้นที่ ต.แม่คะ อ.ฝาง บริเวณจุดติดตั้งมีลักษณะเป็นพื้นที่สำคัญในระบบระบายน้ำของท้องถิ่น โดยพื้นที่แอ่งฝางที่ล้อมรอบด้วยภูเขา มีลำน้ำสาขาของแม่น้ำฝางรับน้ำจากพื้นที่สูงก่อนเข้าสู่ชุมชนและพื้นที่เกษตร ส่งผลให้พื้นที่ตอบสนองต่อฝนหนักและมีโอกาสเกิดฝนตกหนักและน้ำป่าไหลหลาก. ประกอบกับข้อมูลรายชื่อหมู่บ้านประกาศภัยระดับตำบลพบหมู่บ้านที่อยู่ในกลุ่มความเสี่ยงสูงหรือความเสี่ยงสูงมาก ได้แก่ บ้านโป่งถืบใน  ห้วยไคร้  เหมืองแร่  ธิ  ปางปอย  หนองฮ่าง  แม่ป่าไผ่  หนองบวกช้าง  สันดอยนาค

จากลักษณะทางกายภาพและข้อมูลพื้นที่ที่มีการประกาศภัยดังกล่าว จึงมีความเหมาะสมในการติดตั้งสถานีวัดฝน เพื่อเฝ้าระวังปริมาณฝนเฉพาะพื้นที่ ติดตามฝนสะสม สนับสนุนการประเมินสถานการณ์ และการแจ้งเตือนภัยสำหรับชุมชนและพื้นที่ใกล้เคียง"
โรงเรียนบ้านแม่หอย	"บริเวณบ้านแม่หอย ต.แม่นาจร อ.แม่แจ่ม อยู่ในพื้นที่ภูเขาสูงและหุบเขา มีลำห้วยแม่มะลอไหลผ่านชุมชนและรับน้ำจากพื้นที่ลาดชันโดยรอบ ก่อนเชื่อมต่อระบบลุ่มน้ำแม่แจ่ม เมื่อเกิดฝนหนัก น้ำในลำห้วยสามารถเพิ่มขึ้นรวดเร็ว จึงมีความเสี่ยงต่อน้ำป่าไหลหลาก น้ำท่วมฉับพลัน และดินถล่ม. ประกอบกับข้อมูลรายชื่อหมู่บ้านประกาศภัยระดับตำบลพบหมู่บ้านที่อยู่ในกลุ่มความเสี่ยงสูงหรือความเสี่ยงสูงมาก ได้แก่ ขุนแม่รวม  แม่ตะละใต้

จากลักษณะทางกายภาพและข้อมูลพื้นที่ที่มีการประกาศภัยดังกล่าว จึงมีความเหมาะสมในการติดตั้งสถานีวัดฝน เพื่อเฝ้าระวังปริมาณฝนเฉพาะพื้นที่ ติดตามฝนสะสม สนับสนุนการประเมินสถานการณ์ และการแจ้งเตือนภัยสำหรับชุมชนและพื้นที่ใกล้เคียง"
ศูนย์อนุรักษ์และพัฒนาทรัพยากรท้องถิ่น ตำบลกื้ดช้าง	"องค์การบริหารส่วนตำบลกื้ดช้าง อ.แม่แตง อยู่ในพื้นที่ภูเขาและหุบเขาของลุ่มน้ำปิงตอนบน ซึ่งมีลำน้ำแม่แตงและลำห้วยสาขารับน้ำจากพื้นที่สูงก่อนระบายลงสู่แม่น้ำปิง เมื่อเกิดฝนหนัก น้ำจากแนวภูเขาสามารถไหลรวมตามลำห้วยเข้าสู่พื้นที่ชุมชนและเส้นทางริมลำน้ำได้อย่างรวดเร็ว ทำให้มีความเสี่ยงต่อน้ำป่าไหลหลาก น้ำหลากฉับพลัน และดินถล่มในพื้นที่ลาดชัน. ประกอบกับข้อมูลรายชื่อหมู่บ้านประกาศภัยระดับตำบลพบหมู่บ้านที่อยู่ในกลุ่มความเสี่ยงสูงหรือความเสี่ยงสูงมาก ได้แก่ ห้วยน้ำดัง

จากลักษณะทางกายภาพและข้อมูลพื้นที่ที่มีการประกาศภัยดังกล่าว จึงมีความเหมาะสมในการติดตั้งสถานีวัดฝน เพื่อเฝ้าระวังปริมาณฝนเฉพาะพื้นที่ ติดตามฝนสะสม สนับสนุนการประเมินสถานการณ์ และการแจ้งเตือนภัยสำหรับชุมชนและพื้นที่ใกล้เคียง"
โรงเรียนชุมชนบ้านแม่สาบ	"จุด โรงเรียนชุมชนบ้านแม่สาบ มีความสำคัญเชิงพื้นที่เนื่องจากอยู่ในพื้นที่หุบเขาและแนวรับน้ำจากพื้นที่สูงของ ต.สะเมิงใต้ อ.สะเมิง โดยพื้นที่หุบเขาและภูเขาด้านตะวันตกของลุ่มน้ำปิง มีลำห้วยสาขารับน้ำจากพื้นที่สูง หากมีฝนหนักต่อเนื่องอาจนำไปสู่ฝนตกหนักและน้ำป่าไหลหลาก. ประกอบกับข้อมูลรายชื่อหมู่บ้านประกาศภัยระดับตำบลพบหมู่บ้านที่อยู่ในกลุ่มความเสี่ยงสูงหรือความเสี่ยงสูงมาก ได้แก่ บวกจั่น  แม่สาบ

จากลักษณะทางกายภาพและข้อมูลพื้นที่ที่มีการประกาศภัยดังกล่าว จึงมีความเหมาะสมในการติดตั้งสถานีวัดฝน เพื่อเฝ้าระวังปริมาณฝนเฉพาะพื้นที่ ติดตามฝนสะสม สนับสนุนการประเมินสถานการณ์ และการแจ้งเตือนภัยสำหรับชุมชนและพื้นที่ใกล้เคียง"
สำนักงานเทศบาลเมืองแม่โจ้	"สำนักงานเทศบาลเมืองแม่โจ้ ต.หนองหาร อ.สันทราย ตั้งอยู่ในพื้นที่ราบเชิงเมืองตอนเหนือของเชียงใหม่ ซึ่งเชื่อมโยงกับระบบลำน้ำสาขาของลุ่มน้ำปิงและพื้นที่ระบายน้ำของชุมชนเมือง น้ำฝนจากพื้นที่โดยรอบและพื้นที่สูงด้านเหนือ–ตะวันตกจะระบายผ่านคลองและทางน้ำเข้าสู่พื้นที่ราบ ก่อนเคลื่อนต่อไปยังระบบลำน้ำหลัก จึงมีความเสี่ยงต่อฝนหนักเฉพาะพื้นที่ น้ำท่วมขัง และการระบายไม่ทัน โดยเฉพาะบริเวณชุมชนหนาแน่นและพื้นที่พัฒนาเมือง. ประกอบกับไม่พบหมู่บ้านระดับความเสี่ยงสูงหรือความเสี่ยงสูงมากในตำบลนี้ จึงใช้ข้อมูลหมู่บ้านระดับความเสี่ยงปานกลางประกอบการพิจารณา โดยมีรายชื่อได้แก่ ชุมชนศรีสหกรณ์  ชุมชนแม่โจ้  ชุมชนทุ่งป่าเก็ด  ชุมชนแม่โจ้ใหม่  โปง

จากลักษณะทางกายภาพและข้อมูลพื้นที่ที่มีการประกาศภัยดังกล่าว จึงมีความเหมาะสมในการติดตั้งสถานีวัดฝน เพื่อเฝ้าระวังปริมาณฝนเฉพาะพื้นที่ ติดตามฝนสะสม สนับสนุนการประเมินสถานการณ์ และการแจ้งเตือนภัยสำหรับชุมชนและพื้นที่ใกล้เคียง"
องค์การบริหารส่วนตำบลตาดควัน	"ตั้งอยู่ในพื้นที่รอยต่อระหว่างเนินเขากับพื้นที่ราบของ ต.ตาดควัน อ.พญาเม็งราย มีลำห้วยสาขารับน้ำจากพื้นที่สูงก่อนระบายเข้าสู่พื้นที่เกษตรและชุมชนในลุ่มน้ำอิง จึงเหมาะเป็นจุดติดตามฝนเพื่อประเมิน น้ำหลากจากพื้นที่ตอนบนและน้ำท่วมฉับพลันในพื้นที่ราบด้านท้ายน้ำ. ประกอบกับไม่พบหมู่บ้านระดับความเสี่ยงสูงหรือความเสี่ยงสูงมากในตำบลนี้ จึงใช้ข้อมูลหมู่บ้านระดับความเสี่ยงปานกลางประกอบการพิจารณา โดยมีรายชื่อได้แก่ แม่ต๋ำน้ำตก

จากลักษณะทางกายภาพและข้อมูลพื้นที่ที่มีการประกาศภัยดังกล่าว จึงมีความเหมาะสมในการติดตั้งสถานีวัดฝน เพื่อเฝ้าระวังปริมาณฝนเฉพาะพื้นที่ ติดตามฝนสะสม สนับสนุนการประเมินสถานการณ์ และการแจ้งเตือนภัยสำหรับชุมชนและพื้นที่ใกล้เคียง"
โรงเรียนบ้านจะคือ	"ตั้งอยู่ในพื้นที่ภูเขาและหุบเขาด้านตะวันตกของอำเภอเมืองเชียงราย มีลำห้วยจากพื้นที่สูงไหลลงสู่พื้นที่ชุมชนและเชื่อมต่อระบบลุ่มน้ำกก จึงเป็นจุดต้นทางที่เหมาะสำหรับติดตามฝนสะสมและเฝ้าระวัง น้ำป่าไหลหลากและน้ำท่วมฉับพลัน ก่อนมวลน้ำเคลื่อนเข้าสู่พื้นที่ด้านล่าง. ประกอบกับข้อมูลรายชื่อหมู่บ้านประกาศภัยระดับตำบลพบหมู่บ้านที่อยู่ในกลุ่มความเสี่ยงสูงหรือความเสี่ยงสูงมาก ได้แก่ กกน้อย  จะคือ

จากลักษณะทางกายภาพและข้อมูลพื้นที่ที่มีการประกาศภัยดังกล่าว จึงมีความเหมาะสมในการติดตั้งสถานีวัดฝน เพื่อเฝ้าระวังปริมาณฝนเฉพาะพื้นที่ ติดตามฝนสะสม สนับสนุนการประเมินสถานการณ์ และการแจ้งเตือนภัยสำหรับชุมชนและพื้นที่ใกล้เคียง"
อาคารศูนย์พัฒนาเด็กเล็ก หมู่ 22	"อยู่ในบริบทพื้นที่ภูเขาสูงและลาดชันของ ต.แม่สลองใน อ.แม่ฟ้าหลวง ซึ่งเป็นพื้นที่ต้นน้ำที่มีลำห้วยขนาดเล็กรับน้ำจากแนวสันเขา การเปลี่ยนแปลงของฝนสามารถก่อให้เกิดน้ำหลากได้รวดเร็ว จึงเหมาะเป็นจุดวัดฝนเพื่อเฝ้าระวัง ฝนหนัก น้ำป่าไหลหลาก และความเสี่ยงต่อชุมชนตามหุบเขาด้านล่าง.

จากลักษณะทางกายภาพและความเสี่ยงของพื้นที่ที่อธิบายข้างต้น จึงมีความเหมาะสมในการติดตั้งสถานีวัดฝน เพื่อเฝ้าระวังปริมาณฝนเฉพาะพื้นที่ ติดตามฝนสะสม สนับสนุนการประเมินสถานการณ์ และการแจ้งเตือนภัยสำหรับชุมชนและพื้นที่ใกล้เคียง ทั้งนี้ควรใช้ข้อมูลภัยพิบัติหรือข้อมูลพื้นที่เพิ่มเติมประกอบการพิจารณาในส่วนของหมู่บ้าน"
โรงเรียนบ้านปางอ้อย	"ตั้งอยู่ในพื้นที่ภูเขาและหุบเขาของ อ.แม่สรวย ซึ่งเป็นพื้นที่รับน้ำจากแนวเขาก่อนระบายลงสู่ลำน้ำแม่สรวยและระบบลุ่มน้ำแม่ลาว จุดนี้จึงเหมาะสำหรับติดตามฝนในพื้นที่ต้นน้ำ เพื่อเฝ้าระวัง น้ำป่าไหลหลากและมวลน้ำจากพื้นที่สูง ก่อนเข้าสู่ชุมชนและพื้นที่เกษตรด้านล่าง. ประกอบกับข้อมูลรายชื่อหมู่บ้านประกาศภัยระดับตำบลพบหมู่บ้านที่อยู่ในกลุ่มความเสี่ยงสูงหรือความเสี่ยงสูงมาก ได้แก่ สันจำปา  ปางกลาง  ปางอาณาเขต  ทุ่งฟ้าผ่า  ปางอ้อย  โฮ่ง  ปางซาง

จากลักษณะทางกายภาพและข้อมูลพื้นที่ที่มีการประกาศภัยดังกล่าว จึงมีความเหมาะสมในการติดตั้งสถานีวัดฝน เพื่อเฝ้าระวังปริมาณฝนเฉพาะพื้นที่ ติดตามฝนสะสม สนับสนุนการประเมินสถานการณ์ และการแจ้งเตือนภัยสำหรับชุมชนและพื้นที่ใกล้เคียง"
องค์การบริหารส่วนตำบลทุ่งก่อ	"พื้นที่ ต.ทุ่งก่อ อ.เวียงเชียงรุ้ง เป็นพื้นที่ราบระหว่างแนวภูเขา มีแม่น้ำเผื่อและลำน้ำสาขารับน้ำจากพื้นที่สูงก่อนระบายไปยังระบบแม่น้ำกก เมื่อเกิดฝนหนัก น้ำจากลุ่มน้ำย่อยสามารถไหลรวมเข้าสู่พื้นที่ราบและชุมชนได้รวดเร็ว ทำให้เสี่ยงต่อน้ำหลากและน้ำท่วมขังเฉพาะพื้นที่. ประกอบกับข้อมูลรายชื่อหมู่บ้านประกาศภัยระดับตำบลพบหมู่บ้านที่อยู่ในกลุ่มความเสี่ยงสูงหรือความเสี่ยงสูงมาก ได้แก่ น้ำตกพัฒนา

จากลักษณะทางกายภาพและข้อมูลพื้นที่ที่มีการประกาศภัยดังกล่าว จึงมีความเหมาะสมในการติดตั้งสถานีวัดฝน เพื่อเฝ้าระวังปริมาณฝนเฉพาะพื้นที่ ติดตามฝนสะสม สนับสนุนการประเมินสถานการณ์ และการแจ้งเตือนภัยสำหรับชุมชนและพื้นที่ใกล้เคียง"
หอประชุมประชาคม หมู่ 8	"พื้นที่ ต.ขุนซ่อง อ.แก่งหางแมว เป็นพื้นที่เนินเขาสลับที่ราบและพื้นที่เกษตร มีคลองหางแมวและลำคลองสาขาทำหน้าที่รับน้ำจากพื้นที่สูงก่อนระบายลงสู่พื้นที่ตอนล่าง เมื่อเกิดฝนหนักต่อเนื่อง น้ำสามารถไหลรวมตามคลองและทางน้ำได้รวดเร็ว ส่งผลให้พื้นที่ชุมชนและเกษตรเสี่ยงต่อน้ำหลาก น้ำท่วมฉับพลัน และน้ำท่วมขัง. ประกอบกับไม่พบหมู่บ้านระดับความเสี่ยงสูงหรือความเสี่ยงสูงมากในตำบลนี้ จึงใช้ข้อมูลหมู่บ้านระดับความเสี่ยงปานกลางประกอบการพิจารณา โดยมีรายชื่อได้แก่ โป่งขนมจีน

จากลักษณะทางกายภาพและข้อมูลพื้นที่ที่มีการประกาศภัยดังกล่าว จึงมีความเหมาะสมในการติดตั้งสถานีวัดฝน เพื่อเฝ้าระวังปริมาณฝนเฉพาะพื้นที่ ติดตามฝนสะสม สนับสนุนการประเมินสถานการณ์ และการแจ้งเตือนภัยสำหรับชุมชนและพื้นที่ใกล้เคียง"
สำนักงานเทศบาลตำบลบ่อเวฬุ	"บริบทพื้นที่ของ ต.บ่อเวฬุ อ.ขลุง บริเวณนี้เป็นพื้นที่รอยต่อเชิงเขากับพื้นที่ราบ และพื้นที่รอยต่อเชิงเขากับที่ราบลุ่มตอนล่าง มีคลองระบายน้ำลงสู่พื้นที่ชายฝั่ง จึงเหมาะเป็นจุดเฝ้าระวังฝนเชิงพื้นที่ โดยเฉพาะความเสี่ยงจากฝนตกหนักและน้ำหลากฉับพลัน. ประกอบกับข้อมูลรายชื่อหมู่บ้านประกาศภัยระดับตำบลพบหมู่บ้านที่อยู่ในกลุ่มความเสี่ยงสูงหรือความเสี่ยงสูงมาก ได้แก่ บ่อเวฬุ  สะพานหินบน  สะพานหินล่าง

จากลักษณะทางกายภาพและข้อมูลพื้นที่ที่มีการประกาศภัยดังกล่าว จึงมีความเหมาะสมในการติดตั้งสถานีวัดฝน เพื่อเฝ้าระวังปริมาณฝนเฉพาะพื้นที่ ติดตามฝนสะสม สนับสนุนการประเมินสถานการณ์ และการแจ้งเตือนภัยสำหรับชุมชนและพื้นที่ใกล้เคียง"
หอประชุม ม.6	"พื้นที่โดยรอบ ศาลา ม.6 ต.ปัถวี อ.มะขาม อยู่ในพื้นที่รอยต่อเชิงเขากับพื้นที่ราบ โดยพื้นที่เชิงเขาด้านตะวันออกของลุ่มน้ำจันทบุรี มีคลองและลำห้วยจากแนวเขาสอยดาว/เขาคิชฌกูฏไหลลงสู่พื้นที่ราบ จึงเป็นบริเวณที่ควรติดตามการเปลี่ยนแปลงของฝนอย่างต่อเนื่อง เพราะอาจเกิดฝนตกหนักและน้ำหลากฉับพลันในช่วงฝนหนัก. ประกอบกับไม่พบหมู่บ้านระดับความเสี่ยงสูงหรือความเสี่ยงสูงมากในตำบลนี้ จึงใช้ข้อมูลหมู่บ้านระดับความเสี่ยงปานกลางประกอบการพิจารณา โดยมีรายชื่อได้แก่ นาไทร  ทัพนคร  โป่งโรงเซ็น  หินลาด  หนองนาโรง  คลองมะลิ

จากลักษณะทางกายภาพและข้อมูลพื้นที่ที่มีการประกาศภัยดังกล่าว จึงมีความเหมาะสมในการติดตั้งสถานีวัดฝน เพื่อเฝ้าระวังปริมาณฝนเฉพาะพื้นที่ ติดตามฝนสะสม สนับสนุนการประเมินสถานการณ์ และการแจ้งเตือนภัยสำหรับชุมชนและพื้นที่ใกล้เคียง"
หอประชุม ม.8	"จากลักษณะพื้นที่ของ ต.ปัถวี อ.มะขาม จุดนี้อยู่ในพื้นที่รอยต่อเชิงเขากับพื้นที่ราบ โดยพื้นที่เชิงเขาด้านตะวันออกของลุ่มน้ำจันทบุรี มีคลองและลำห้วยจากแนวเขาสอยดาว/เขาคิชฌกูฏไหลลงสู่พื้นที่ราบ ทำให้มีความไวต่อเหตุการณ์ฝนหนักและฝนตกหนักและน้ำหลากฉับพลัน. ประกอบกับไม่พบหมู่บ้านระดับความเสี่ยงสูงหรือความเสี่ยงสูงมากในตำบลนี้ จึงใช้ข้อมูลหมู่บ้านระดับความเสี่ยงปานกลางประกอบการพิจารณา โดยมีรายชื่อได้แก่ นาไทร  ทัพนคร  โป่งโรงเซ็น  หินลาด  หนองนาโรง  คลองมะลิ

จากลักษณะทางกายภาพและข้อมูลพื้นที่ที่มีการประกาศภัยดังกล่าว จึงมีความเหมาะสมในการติดตั้งสถานีวัดฝน เพื่อเฝ้าระวังปริมาณฝนเฉพาะพื้นที่ ติดตามฝนสะสม สนับสนุนการประเมินสถานการณ์ และการแจ้งเตือนภัยสำหรับชุมชนและพื้นที่ใกล้เคียง"
สำนักสงฆ์คลองนารายณ์	"พื้นที่ ต.คลองนารายณ์ อ.เมืองจันทบุรี อยู่บริเวณรอยต่อเชิงเขาสระบาปกับพื้นที่ราบ รับน้ำจากแนวเขาผ่านลำห้วยและคลองสาขาลงสู่คลองนารายณ์ ก่อนระบายสู่ชุมชนด้านล่าง มีความเสี่ยงจากฝนหนัก น้ำป่าไหลหลาก และน้ำหลากฉับพลัน. ประกอบกับข้อมูลรายชื่อหมู่บ้านประกาศภัยระดับตำบลพบหมู่บ้านที่อยู่ในกลุ่มความเสี่ยงสูงหรือความเสี่ยงสูงมาก ได้แก่ สระบาป  ถนนใน  พะเนียด  สระบาปล่าง  ถนนนอก  สระบาปบน  ศาลาแดง

จากลักษณะทางกายภาพและข้อมูลพื้นที่ที่มีการประกาศภัยดังกล่าว จึงมีความเหมาะสมในการติดตั้งสถานีวัดฝน เพื่อเฝ้าระวังปริมาณฝนเฉพาะพื้นที่ ติดตามฝนสะสม สนับสนุนการประเมินสถานการณ์ และการแจ้งเตือนภัยสำหรับชุมชนและพื้นที่ใกล้เคียง"